report_date,report_type,location,site,department,contractor,reporter_role,description,severity,planted_pattern
2026-03-24,NEAR_MISS,Site Delta,Site Charlie,Pipeline Integrity,Contractor-Summit Rigging Co,Engineer,First aid kit in the workshop was missing a few items.,HIGH,
2026-07-21,UNSAFE_ACT,Site Bravo,Site Bravo,Maintenance,Contractor-Beacon Electrical Works,Technician,Waste segregation bins were not properly labeled at the site office.,MODERATE,
2026-05-25,UNSAFE_ACT,Site Echo,Site Foxtrot,Pipeline Integrity,Contractor-Redline Maintenance Group,Foreman,Temporary lighting was insufficient in the storage yard at night.,HIGH,
2026-07-09,UNSAFE_CONDITION,Site Alpha,Site Charlie,Pipeline Integrity,Contractor-Ironclad Scaffolding,Safety Officer,Noise levels in the compressor room exceeded comfort but PPE was in use.,LOW,
2026-05-20,NEAR_MISS,Site Charlie,Site Delta,Logistics,Contractor-Redline Maintenance Group,Foreman,Water leakage from a faucet reported in the site canteen.,HIGH,
2026-06-03,UNSAFE_ACT,Site Charlie,Site Charlie,Operations,Contractor-Pinnacle Contractors,Safety Officer,Energized cable was handled without confirming de-energization.,HIGH,electrical_isolation
2026-07-21,NEAR_MISS,Site Echo,Site Alpha,Drilling,Contractor-Vantage Energy Services,Operator,Minor spill of lubricant was cleaned up promptly with no injury.,HIGH,
2026-08-21,NEAR_MISS,Site Echo,Site Delta,Logistics,Contractor-Pinnacle Contractors,Site Supervisor,Reverse alarm on the site vehicle was found to be non-functional.,LOW,vehicle_pedestrian
2026-07-27,UNSAFE_CONDITION,Site Delta,Site Alpha,Drilling,Contractor-Pinnacle Contractors,Engineer,"Minor vehicle scratch reported during routine parking maneuver, no injury.",HIGH,
2026-06-19,UNSAFE_ACT,Site Foxtrot,Site Echo,Pipeline Integrity,Contractor-Meridian Fabrication,Safety Officer,Temporary lighting was insufficient in the storage yard at night.,MODERATE,
2026-04-11,UNSAFE_ACT,Site Delta,Site Foxtrot,HSE,Contractor-Beacon Electrical Works,Operator,Employee suggestion box was overflowing and needs regular clearing.,MODERATE,
2026-06-17,NEAR_MISS,Site Echo,Site Echo,Drilling,Contractor-Meridian Fabrication,Safety Officer,Oxygen levels were not checked before crew entered the storage vessel.,MODERATE,confined_space
2026-08-23,UNSAFE_ACT,Site Charlie,Site Echo,Logistics,Contractor-Meridian Fabrication,Operator,Electrical isolation point was not physically verified with a multimeter.,LOW,electrical_isolation
2026-05-25,UNSAFE_CONDITION,Site Delta,Site Delta,Maintenance,Contractor-Vantage Energy Services,Engineer,"Minor vehicle scratch reported during routine parking maneuver, no injury.",MODERATE,
2026-06-29,NEAR_MISS,Site Bravo,Site Delta,Pipeline Integrity,Contractor-Coastal Logistics,Technician,First aid kit in the workshop was missing a few items.,MODERATE,
2026-06-08,UNSAFE_CONDITION,Site Charlie,Site Charlie,Drilling,Contractor-Coastal Logistics,Safety Officer,Signage for emergency assembly point was faded and needs replacement.,MODERATE,
2026-03-22,UNSAFE_ACT,Site Bravo,Site Alpha,Pipeline Integrity,Contractor-Summit Rigging Co,Safety Officer,Temporary lighting was insufficient in the storage yard at night.,HIGH,
2026-08-13,UNSAFE_ACT,Site Charlie,Site Charlie,Pipeline Integrity,Contractor-Meridian Fabrication,Foreman,First aid kit in the workshop was missing a few items.,LOW,
2026-08-19,UNSAFE_CONDITION,Site Bravo,Site Foxtrot,HSE,Contractor-Atlas Mechanical,Operator,Worker accessed switchgear room without confirming lockout status.,MODERATE,electrical_isolation
2026-07-28,UNSAFE_CONDITION,Site Echo,Site Foxtrot,Pipeline Integrity,Contractor-Atlas Mechanical,Site Supervisor,Gas testing was not conducted before confined space entry into the tank.,HIGH,confined_space
2026-08-21,UNSAFE_CONDITION,Site Bravo,Site Foxtrot,HSE,Contractor-Vantage Energy Services,Technician,Waste segregation bins were not properly labeled at the site office.,HIGH,
2026-08-12,UNSAFE_ACT,Site Echo,Site Bravo,Drilling,Contractor-Vantage Energy Services,Safety Officer,Housekeeping issue noted in the tool storage area.,HIGH,
2026-08-14,UNSAFE_ACT,Site Echo,Site Echo,Operations,Contractor-Meridian Fabrication,Engineer,Signage for emergency assembly point was faded and needs replacement.,HIGH,
2026-03-02,UNSAFE_ACT,Site Foxtrot,Site Charlie,Drilling,Contractor-Coastal Logistics,Site Supervisor,First aid kit in the workshop was missing a few items.,LOW,
2026-04-24,UNSAFE_ACT,Site Foxtrot,Site Delta,Logistics,Contractor-Summit Rigging Co,Operator,Fire extinguisher inspection tag found expired in the break room.,MODERATE,
2026-03-24,NEAR_MISS,Site Foxtrot,Site Charlie,Logistics,Contractor-Delta Wellsite Services,Site Supervisor,Housekeeping issue noted in the tool storage area.,HIGH,
2026-07-27,UNSAFE_ACT,Site Alpha,Site Bravo,HSE,Contractor-Meridian Fabrication,Engineer,Panel door was opened while circuit remained energized.,MODERATE,electrical_isolation
2026-06-27,UNSAFE_ACT,Site Foxtrot,Site Bravo,HSE,Contractor-Orion Field Services,Technician,Ladder used for elevated work was damaged and not tagged out of service.,MODERATE,working_at_height
2026-04-23,UNSAFE_CONDITION,Site Foxtrot,Site Alpha,Maintenance,Contractor-Northstar Industrial,Engineer,Water leakage from a faucet reported in the site canteen.,MODERATE,
2026-03-10,NEAR_MISS,Site Bravo,Site Charlie,Maintenance,Contractor-Coastal Logistics,Engineer,Employee suggestion box was overflowing and needs regular clearing.,LOW,
2026-08-04,UNSAFE_CONDITION,Site Echo,Site Charlie,Maintenance,Contractor-Meridian Fabrication,Engineer,Panel door was opened while circuit remained energized.,MODERATE,electrical_isolation
2026-03-29,NEAR_MISS,Site Delta,Site Alpha,Logistics,Contractor-Atlas Mechanical,Site Supervisor,Temporary lighting was insufficient in the storage yard at night.,HIGH,
2026-08-24,NEAR_MISS,Site Charlie,Site Bravo,Operations,Contractor-Meridian Fabrication,Engineer,Energized cable was handled without confirming de-energization.,LOW,electrical_isolation
2026-04-12,NEAR_MISS,Site Charlie,Site Echo,Pipeline Integrity,Contractor-Coastal Logistics,Operator,Waste segregation bins were not properly labeled at the site office.,HIGH,
2026-06-13,UNSAFE_CONDITION,Site Charlie,Site Delta,HSE,Contractor-Redline Maintenance Group,Foreman,Electrical isolation point was not physically verified with a multimeter.,HIGH,electrical_isolation
2026-04-17,UNSAFE_ACT,Site Foxtrot,Site Charlie,Pipeline Integrity,Contractor-Meridian Fabrication,Engineer,Water leakage from a faucet reported in the site canteen.,MODERATE,
2026-06-29,UNSAFE_CONDITION,Site Foxtrot,Site Alpha,Maintenance,Contractor-Orion Field Services,Site Supervisor,Unsecured harness was noted during rooftop inspection.,LOW,working_at_height
2026-06-06,UNSAFE_CONDITION,Site Foxtrot,Site Alpha,Operations,Contractor-Atlas Mechanical,Technician,Energized cable was handled without confirming de-energization.,LOW,electrical_isolation
2026-05-05,NEAR_MISS,Site Bravo,Site Delta,Maintenance,Contractor-Redline Maintenance Group,Engineer,Minor spill of lubricant was cleaned up promptly with no injury.,LOW,
2026-08-09,UNSAFE_CONDITION,Site Bravo,Site Foxtrot,Logistics,Contractor-Beacon Electrical Works,Operator,Trip hazard from a loose cable was reported and fixed same day.,HIGH,
2026-08-15,NEAR_MISS,Site Foxtrot,Site Delta,HSE,Contractor-Coastal Logistics,Site Supervisor,Minor spill of lubricant was cleaned up promptly with no injury.,MODERATE,
2026-04-15,UNSAFE_ACT,Site Echo,Site Charlie,HSE,Contractor-Ironclad Scaffolding,Foreman,Fire extinguisher inspection tag found expired in the break room.,MODERATE,
2026-07-27,UNSAFE_ACT,Site Bravo,Site Delta,Pipeline Integrity,Contractor-Ironclad Scaffolding,Safety Officer,First aid kit in the workshop was missing a few items.,MODERATE,
2026-03-02,UNSAFE_CONDITION,Site Charlie,Site Foxtrot,Operations,Contractor-Atlas Mechanical,Technician,Minor spill of lubricant was cleaned up promptly with no injury.,MODERATE,
2026-04-09,UNSAFE_CONDITION,Site Echo,Site Bravo,Logistics,Contractor-Vantage Energy Services,Operator,Noise levels in the compressor room exceeded comfort but PPE was in use.,HIGH,
2026-08-18,UNSAFE_CONDITION,Site Delta,Site Foxtrot,Logistics,Contractor-Meridian Fabrication,Foreman,First aid kit in the workshop was missing a few items.,HIGH,
2026-08-20,UNSAFE_CONDITION,Site Charlie,Site Alpha,Maintenance,Contractor-Summit Rigging Co,Site Supervisor,First aid kit in the workshop was missing a few items.,MODERATE,
2026-07-09,NEAR_MISS,Site Alpha,Site Charlie,HSE,Contractor-Summit Rigging Co,Engineer,Trip hazard from a loose cable was reported and fixed same day.,LOW,
2026-02-26,NEAR_MISS,Site Foxtrot,Site Charlie,HSE,Contractor-Atlas Mechanical,Foreman,Housekeeping issue noted in the tool storage area.,HIGH,
2026-07-16,UNSAFE_CONDITION,Site Alpha,Site Alpha,Logistics,Contractor-Delta Wellsite Services,Foreman,Fire extinguisher inspection tag found expired in the break room.,LOW,
2026-06-08,UNSAFE_CONDITION,Site Delta,Site Alpha,Drilling,Contractor-Orion Field Services,Engineer,Housekeeping issue noted in the tool storage area.,HIGH,
2026-05-02,UNSAFE_CONDITION,Site Echo,Site Echo,Maintenance,Contractor-Ironclad Scaffolding,Engineer,Noise levels in the compressor room exceeded comfort but PPE was in use.,HIGH,
2026-05-14,UNSAFE_ACT,Site Charlie,Site Bravo,Operations,Contractor-Pinnacle Contractors,Safety Officer,"Minor vehicle scratch reported during routine parking maneuver, no injury.",MODERATE,
2026-05-06,UNSAFE_CONDITION,Site Charlie,Site Alpha,Pipeline Integrity,Contractor-Summit Rigging Co,Site Supervisor,Contractor started grinding work without an approved hot work permit.,MODERATE,permit_to_work
2026-06-05,NEAR_MISS,Site Echo,Site Bravo,Drilling,Contractor-Delta Wellsite Services,Engineer,Minor spill of lubricant was cleaned up promptly with no injury.,LOW,
2026-04-17,NEAR_MISS,Site Foxtrot,Site Bravo,Logistics,Contractor-Meridian Fabrication,Engineer,Water leakage from a faucet reported in the site canteen.,LOW,
2026-05-19,NEAR_MISS,Site Delta,Site Alpha,Logistics,Contractor-Delta Wellsite Services,Safety Officer,Minor spill of lubricant was cleaned up promptly with no injury.,MODERATE,
2026-08-20,UNSAFE_ACT,Site Delta,Site Alpha,Drilling,Contractor-Atlas Mechanical,Operator,Worker was seen without fall protection while cleaning the tank roof.,MODERATE,working_at_height
2026-06-09,UNSAFE_ACT,Site Charlie,Site Foxtrot,Operations,Contractor-Redline Maintenance Group,Operator,Temporary lighting was insufficient in the storage yard at night.,MODERATE,
2026-07-08,UNSAFE_CONDITION,Site Foxtrot,Site Bravo,Operations,Contractor-Redline Maintenance Group,Site Supervisor,Temporary lighting was insufficient in the storage yard at night.,MODERATE,
2026-03-23,UNSAFE_ACT,Site Echo,Site Echo,Operations,Contractor-Beacon Electrical Works,Foreman,Noise levels in the compressor room exceeded comfort but PPE was in use.,HIGH,
2026-08-14,UNSAFE_ACT,Site Charlie,Site Bravo,HSE,Contractor-Orion Field Services,Engineer,Technician entered energized pump area before electrical isolation was verified.,LOW,electrical_isolation
2026-06-14,UNSAFE_CONDITION,Site Foxtrot,Site Alpha,Pipeline Integrity,Contractor-Northstar Industrial,Safety Officer,Water leakage from a faucet reported in the site canteen.,MODERATE,
2026-04-12,UNSAFE_CONDITION,Site Alpha,Site Charlie,Pipeline Integrity,Contractor-Beacon Electrical Works,Engineer,Fire extinguisher inspection tag found expired in the break room.,MODERATE,
2026-08-20,UNSAFE_ACT,Site Delta,Site Echo,Pipeline Integrity,Contractor-Orion Field Services,Site Supervisor,Waste segregation bins were not properly labeled at the site office.,HIGH,
2026-03-22,NEAR_MISS,Site Charlie,Site Echo,Logistics,Contractor-Coastal Logistics,Site Supervisor,Minor spill of lubricant was cleaned up promptly with no injury.,HIGH,
2026-07-13,UNSAFE_CONDITION,Site Charlie,Site Echo,HSE,Contractor-Pinnacle Contractors,Foreman,Worker used an unsafe ladder that was not rated for the task.,MODERATE,working_at_height
2026-03-20,UNSAFE_CONDITION,Site Delta,Site Echo,Drilling,Contractor-Ironclad Scaffolding,Site Supervisor,Noise levels in the compressor room exceeded comfort but PPE was in use.,HIGH,
2026-05-30,UNSAFE_ACT,Site Alpha,Site Bravo,Operations,Contractor-Delta Wellsite Services,Site Supervisor,Trip hazard from a loose cable was reported and fixed same day.,LOW,
2026-07-22,UNSAFE_CONDITION,Site Delta,Site Bravo,Maintenance,Contractor-Atlas Mechanical,Foreman,Trip hazard from a loose cable was reported and fixed same day.,HIGH,
2026-03-17,UNSAFE_ACT,Site Bravo,Site Charlie,Pipeline Integrity,Contractor-Beacon Electrical Works,Safety Officer,"Minor vehicle scratch reported during routine parking maneuver, no injury.",MODERATE,
2026-04-03,NEAR_MISS,Site Delta,Site Foxtrot,Logistics,Contractor-Pinnacle Contractors,Engineer,Waste segregation bins were not properly labeled at the site office.,HIGH,
2026-08-03,UNSAFE_ACT,Site Foxtrot,Site Delta,HSE,Contractor-Beacon Electrical Works,Operator,"Minor vehicle scratch reported during routine parking maneuver, no injury.",MODERATE,
2026-04-22,UNSAFE_ACT,Site Alpha,Site Charlie,Maintenance,Contractor-Beacon Electrical Works,Technician,"Minor vehicle scratch reported during routine parking maneuver, no injury.",MODERATE,
2026-08-09,UNSAFE_CONDITION,Site Alpha,Site Echo,HSE,Contractor-Beacon Electrical Works,Safety Officer,Noise levels in the compressor room exceeded comfort but PPE was in use.,MODERATE,
2026-03-23,UNSAFE_ACT,Site Charlie,Site Delta,Pipeline Integrity,Contractor-Beacon Electrical Works,Engineer,First aid kit in the workshop was missing a few items.,LOW,
2026-03-15,UNSAFE_ACT,Site Delta,Site Foxtrot,Logistics,Contractor-Atlas Mechanical,Engineer,Water leakage from a faucet reported in the site canteen.,MODERATE,
2026-08-08,NEAR_MISS,Site Bravo,Site Delta,Drilling,Contractor-Atlas Mechanical,Foreman,Fire extinguisher inspection tag found expired in the break room.,MODERATE,
2026-08-01,UNSAFE_ACT,Site Delta,Site Charlie,Operations,Contractor-Meridian Fabrication,Safety Officer,Fire extinguisher inspection tag found expired in the break room.,MODERATE,
2026-04-27,UNSAFE_ACT,Site Foxtrot,Site Echo,Logistics,Contractor-Coastal Logistics,Technician,Housekeeping issue noted in the tool storage area.,MODERATE,
2026-04-18,UNSAFE_ACT,Site Echo,Site Delta,Operations,Contractor-Redline Maintenance Group,Operator,Worker used an unsafe ladder that was not rated for the task.,MODERATE,working_at_height
2026-04-25,NEAR_MISS,Site Echo,Site Foxtrot,Operations,Contractor-Redline Maintenance Group,Site Supervisor,Temporary lighting was insufficient in the storage yard at night.,MODERATE,
2026-07-26,NEAR_MISS,Site Alpha,Site Echo,Drilling,Contractor-Delta Wellsite Services,Foreman,Signage for emergency assembly point was faded and needs replacement.,LOW,
2026-04-20,UNSAFE_ACT,Site Delta,Site Charlie,Operations,Contractor-Vantage Energy Services,Engineer,Trip hazard from a loose cable was reported and fixed same day.,HIGH,
2026-07-18,NEAR_MISS,Site Foxtrot,Site Echo,Logistics,Contractor-Beacon Electrical Works,Technician,Signage for emergency assembly point was faded and needs replacement.,MODERATE,
2026-07-14,UNSAFE_ACT,Site Charlie,Site Foxtrot,Operations,Contractor-Summit Rigging Co,Foreman,First aid kit in the workshop was missing a few items.,MODERATE,
2026-06-16,NEAR_MISS,Site Alpha,Site Charlie,Logistics,Contractor-Northstar Industrial,Safety Officer,First aid kit in the workshop was missing a few items.,MODERATE,
2026-04-02,UNSAFE_CONDITION,Site Foxtrot,Site Echo,Drilling,Contractor-Beacon Electrical Works,Engineer,Signage for emergency assembly point was faded and needs replacement.,LOW,
2026-08-01,NEAR_MISS,Site Bravo,Site Bravo,Operations,Contractor-Coastal Logistics,Foreman,Housekeeping issue noted in the tool storage area.,MODERATE,
2026-08-25,UNSAFE_CONDITION,Site Echo,Site Delta,Logistics,Contractor-Atlas Mechanical,Foreman,Technician bypassed LOTO procedure to save time during shift changeover.,LOW,electrical_isolation
2026-05-12,UNSAFE_CONDITION,Site Bravo,Site Charlie,Maintenance,Contractor-Vantage Energy Services,Foreman,Noise levels in the compressor room exceeded comfort but PPE was in use.,LOW,
2026-03-25,NEAR_MISS,Site Alpha,Site Bravo,Logistics,Contractor-Atlas Mechanical,Foreman,Housekeeping issue noted in the tool storage area.,HIGH,
2026-08-12,UNSAFE_ACT,Site Bravo,Site Echo,Maintenance,Contractor-Pinnacle Contractors,Technician,Housekeeping issue noted in the tool storage area.,MODERATE,
2026-05-10,NEAR_MISS,Site Alpha,Site Foxtrot,Maintenance,Contractor-Ironclad Scaffolding,Operator,Fire extinguisher inspection tag found expired in the break room.,MODERATE,
2026-04-13,UNSAFE_CONDITION,Site Delta,Site Echo,Maintenance,Contractor-Delta Wellsite Services,Foreman,Fire extinguisher inspection tag found expired in the break room.,LOW,
2026-08-24,UNSAFE_ACT,Site Echo,Site Bravo,HSE,Contractor-Summit Rigging Co,Technician,Trip hazard from a loose cable was reported and fixed same day.,MODERATE,
2026-08-16,NEAR_MISS,Site Bravo,Site Charlie,Drilling,Contractor-Vantage Energy Services,Engineer,First aid kit in the workshop was missing a few items.,MODERATE,
2026-08-18,UNSAFE_ACT,Site Foxtrot,Site Charlie,Drilling,Contractor-Ironclad Scaffolding,Operator,Fire extinguisher inspection tag found expired in the break room.,HIGH,
2026-05-11,NEAR_MISS,Site Delta,Site Echo,HSE,Contractor-Ironclad Scaffolding,Site Supervisor,Housekeeping issue noted in the tool storage area.,HIGH,
2026-06-25,NEAR_MISS,Site Alpha,Site Bravo,Maintenance,Contractor-Atlas Mechanical,Operator,Noise levels in the compressor room exceeded comfort but PPE was in use.,MODERATE,
2026-08-19,NEAR_MISS,Site Delta,Site Charlie,Drilling,Contractor-Beacon Electrical Works,Operator,Fire extinguisher inspection tag found expired in the break room.,MODERATE,
2026-08-05,UNSAFE_CONDITION,Site Delta,Site Foxtrot,Drilling,Contractor-Redline Maintenance Group,Operator,First aid kit in the workshop was missing a few items.,LOW,
2026-08-15,UNSAFE_CONDITION,Site Alpha,Site Bravo,HSE,Contractor-Pinnacle Contractors,Foreman,Noise levels in the compressor room exceeded comfort but PPE was in use.,MODERATE,
2026-07-13,NEAR_MISS,Site Alpha,Site Alpha,Maintenance,Contractor-Ironclad Scaffolding,Foreman,Water leakage from a faucet reported in the site canteen.,HIGH,
2026-05-04,UNSAFE_ACT,Site Charlie,Site Delta,Maintenance,Contractor-Coastal Logistics,Technician,Housekeeping issue noted in the tool storage area.,HIGH,
2026-04-08,UNSAFE_ACT,Site Charlie,Site Foxtrot,Logistics,Contractor-Coastal Logistics,Engineer,Trip hazard from a loose cable was reported and fixed same day.,LOW,
2026-07-10,UNSAFE_ACT,Site Delta,Site Charlie,HSE,Contractor-Meridian Fabrication,Safety Officer,Employee suggestion box was overflowing and needs regular clearing.,HIGH,
2026-07-08,UNSAFE_ACT,Site Bravo,Site Bravo,Drilling,Contractor-Northstar Industrial,Engineer,Trip hazard from a loose cable was reported and fixed same day.,MODERATE,
2026-04-11,UNSAFE_CONDITION,Site Delta,Site Echo,Drilling,Contractor-Pinnacle Contractors,Engineer,Temporary lighting was insufficient in the storage yard at night.,LOW,
2026-05-12,NEAR_MISS,Site Echo,Site Delta,HSE,Contractor-Redline Maintenance Group,Technician,Signage for emergency assembly point was faded and needs replacement.,HIGH,
2026-08-16,UNSAFE_CONDITION,Site Delta,Site Foxtrot,Logistics,Contractor-Northstar Industrial,Technician,Employee suggestion box was overflowing and needs regular clearing.,MODERATE,
2026-03-23,NEAR_MISS,Site Bravo,Site Delta,Maintenance,Contractor-Delta Wellsite Services,Engineer,Water leakage from a faucet reported in the site canteen.,HIGH,
2026-08-19,NEAR_MISS,Site Echo,Site Bravo,Pipeline Integrity,Contractor-Beacon Electrical Works,Technician,Signage for emergency assembly point was faded and needs replacement.,HIGH,
2026-05-03,UNSAFE_ACT,Site Delta,Site Echo,Drilling,Contractor-Ironclad Scaffolding,Engineer,Waste segregation bins were not properly labeled at the site office.,LOW,
2026-08-05,NEAR_MISS,Site Charlie,Site Foxtrot,Logistics,Contractor-Beacon Electrical Works,Safety Officer,Reverse alarm on the site vehicle was found to be non-functional.,HIGH,vehicle_pedestrian
2026-04-25,UNSAFE_ACT,Site Bravo,Site Echo,Operations,Contractor-Delta Wellsite Services,Engineer,Signage for emergency assembly point was faded and needs replacement.,MODERATE,
2026-08-18,UNSAFE_ACT,Site Charlie,Site Delta,Logistics,Contractor-Ironclad Scaffolding,Site Supervisor,Temporary lighting was insufficient in the storage yard at night.,MODERATE,
2026-06-30,NEAR_MISS,Site Charlie,Site Charlie,Operations,Contractor-Vantage Energy Services,Technician,Noise levels in the compressor room exceeded comfort but PPE was in use.,HIGH,
2026-05-25,UNSAFE_ACT,Site Delta,Site Echo,Logistics,Contractor-Summit Rigging Co,Site Supervisor,Employee suggestion box was overflowing and needs regular clearing.,HIGH,
2026-06-04,UNSAFE_ACT,Site Alpha,Site Charlie,Operations,Contractor-Pinnacle Contractors,Safety Officer,Isolation certificate was missing when crew started work on the motor.,LOW,electrical_isolation
2026-04-04,NEAR_MISS,Site Echo,Site Foxtrot,HSE,Contractor-Delta Wellsite Services,Technician,Trip hazard from a loose cable was reported and fixed same day.,HIGH,
2026-03-05,UNSAFE_ACT,Site Alpha,Site Bravo,Logistics,Contractor-Pinnacle Contractors,Operator,"Minor vehicle scratch reported during routine parking maneuver, no injury.",LOW,
2026-03-18,UNSAFE_ACT,Site Foxtrot,Site Bravo,Logistics,Contractor-Beacon Electrical Works,Operator,Waste segregation bins were not properly labeled at the site office.,LOW,
2026-04-02,NEAR_MISS,Site Charlie,Site Delta,HSE,Contractor-Summit Rigging Co,Technician,First aid kit in the workshop was missing a few items.,HIGH,
2026-07-09,UNSAFE_ACT,Site Echo,Site Foxtrot,Maintenance,Contractor-Pinnacle Contractors,Safety Officer,Noise levels in the compressor room exceeded comfort but PPE was in use.,MODERATE,
2026-08-25,NEAR_MISS,Site Charlie,Site Foxtrot,Pipeline Integrity,Contractor-Meridian Fabrication,Site Supervisor,Entry permit for the vessel was not verified prior to work.,LOW,confined_space
2026-08-05,UNSAFE_CONDITION,Site Charlie,Site Foxtrot,Operations,Contractor-Meridian Fabrication,Foreman,Noise levels in the compressor room exceeded comfort but PPE was in use.,LOW,
2026-03-09,UNSAFE_CONDITION,Site Delta,Site Echo,Pipeline Integrity,Contractor-Beacon Electrical Works,Safety Officer,Waste segregation bins were not properly labeled at the site office.,LOW,
2026-04-07,NEAR_MISS,Site Delta,Site Delta,Operations,Contractor-Northstar Industrial,Operator,Signage for emergency assembly point was faded and needs replacement.,MODERATE,
2026-03-28,UNSAFE_ACT,Site Delta,Site Delta,HSE,Contractor-Coastal Logistics,Foreman,Temporary lighting was insufficient in the storage yard at night.,LOW,
2026-05-30,UNSAFE_CONDITION,Site Charlie,Site Delta,Drilling,Contractor-Ironclad Scaffolding,Engineer,Signage for emergency assembly point was faded and needs replacement.,LOW,
2026-05-15,NEAR_MISS,Site Charlie,Site Foxtrot,Operations,Contractor-Delta Wellsite Services,Foreman,"Minor vehicle scratch reported during routine parking maneuver, no injury.",MODERATE,
2026-06-03,UNSAFE_CONDITION,Site Delta,Site Charlie,Operations,Contractor-Northstar Industrial,Site Supervisor,Employee suggestion box was overflowing and needs regular clearing.,LOW,
2026-04-12,UNSAFE_ACT,Site Foxtrot,Site Bravo,Maintenance,Contractor-Vantage Energy Services,Safety Officer,Trip hazard from a loose cable was reported and fixed same day.,MODERATE,
2026-08-04,UNSAFE_CONDITION,Site Alpha,Site Echo,Operations,Contractor-Meridian Fabrication,Foreman,First aid kit in the workshop was missing a few items.,MODERATE,
2026-04-03,UNSAFE_ACT,Site Bravo,Site Foxtrot,HSE,Contractor-Northstar Industrial,Technician,First aid kit in the workshop was missing a few items.,HIGH,
2026-07-29,UNSAFE_CONDITION,Site Echo,Site Foxtrot,Maintenance,Contractor-Atlas Mechanical,Foreman,Trip hazard from a loose cable was reported and fixed same day.,MODERATE,
2026-08-08,UNSAFE_ACT,Site Alpha,Site Alpha,Pipeline Integrity,Contractor-Northstar Industrial,Engineer,Waste segregation bins were not properly labeled at the site office.,HIGH,
2026-06-20,UNSAFE_ACT,Site Charlie,Site Bravo,Pipeline Integrity,Contractor-Summit Rigging Co,Safety Officer,Worker was observed on scaffold without a secured harness.,MODERATE,working_at_height
2026-08-24,NEAR_MISS,Site Echo,Site Delta,Maintenance,Contractor-Vantage Energy Services,Foreman,Minor spill of lubricant was cleaned up promptly with no injury.,HIGH,
2026-03-11,UNSAFE_ACT,Site Alpha,Site Foxtrot,Maintenance,Contractor-Beacon Electrical Works,Operator,Housekeeping issue noted in the tool storage area.,MODERATE,
2026-03-02,NEAR_MISS,Site Alpha,Site Echo,Pipeline Integrity,Contractor-Atlas Mechanical,Engineer,First aid kit in the workshop was missing a few items.,HIGH,
2026-04-10,UNSAFE_CONDITION,Site Alpha,Site Echo,HSE,Contractor-Pinnacle Contractors,Operator,First aid kit in the workshop was missing a few items.,LOW,
2026-05-15,NEAR_MISS,Site Alpha,Site Delta,Drilling,Contractor-Redline Maintenance Group,Safety Officer,Water leakage from a faucet reported in the site canteen.,LOW,
2026-07-23,UNSAFE_ACT,Site Bravo,Site Foxtrot,Drilling,Contractor-Orion Field Services,Engineer,Employee suggestion box was overflowing and needs regular clearing.,MODERATE,
2026-05-12,UNSAFE_ACT,Site Bravo,Site Foxtrot,Operations,Contractor-Atlas Mechanical,Engineer,Hot work began without a valid permit issued by the site safety officer.,LOW,permit_to_work
2026-08-13,NEAR_MISS,Site Alpha,Site Bravo,Maintenance,Contractor-Atlas Mechanical,Safety Officer,Fire extinguisher inspection tag found expired in the break room.,LOW,
2026-07-10,UNSAFE_ACT,Site Delta,Site Echo,Maintenance,Contractor-Northstar Industrial,Foreman,Water leakage from a faucet reported in the site canteen.,LOW,
2026-07-16,UNSAFE_CONDITION,Site Delta,Site Alpha,Pipeline Integrity,Contractor-Orion Field Services,Site Supervisor,Technician climbed to elevated work area without anchor point confirmed.,MODERATE,working_at_height
2026-08-06,NEAR_MISS,Site Charlie,Site Delta,Operations,Contractor-Ironclad Scaffolding,Engineer,Signage for emergency assembly point was faded and needs replacement.,HIGH,
2026-06-20,UNSAFE_ACT,Site Alpha,Site Alpha,Maintenance,Contractor-Coastal Logistics,Engineer,Employee suggestion box was overflowing and needs regular clearing.,MODERATE,
2026-07-23,NEAR_MISS,Site Charlie,Site Bravo,Maintenance,Contractor-Pinnacle Contractors,Technician,Fire extinguisher inspection tag found expired in the break room.,LOW,
2026-07-26,NEAR_MISS,Site Alpha,Site Foxtrot,HSE,Contractor-Coastal Logistics,Technician,Temporary lighting was insufficient in the storage yard at night.,HIGH,
2026-07-03,UNSAFE_ACT,Site Bravo,Site Bravo,Maintenance,Contractor-Pinnacle Contractors,Safety Officer,"Minor vehicle scratch reported during routine parking maneuver, no injury.",LOW,
2026-03-26,NEAR_MISS,Site Echo,Site Bravo,Pipeline Integrity,Contractor-Redline Maintenance Group,Foreman,Employee suggestion box was overflowing and needs regular clearing.,MODERATE,
2026-06-01,UNSAFE_CONDITION,Site Charlie,Site Charlie,Logistics,Contractor-Delta Wellsite Services,Safety Officer,Employee suggestion box was overflowing and needs regular clearing.,MODERATE,
2026-03-29,UNSAFE_ACT,Site Echo,Site Foxtrot,Logistics,Contractor-Atlas Mechanical,Site Supervisor,Fire extinguisher inspection tag found expired in the break room.,HIGH,
2026-08-02,NEAR_MISS,Site Charlie,Site Foxtrot,Logistics,Contractor-Coastal Logistics,Safety Officer,Housekeeping issue noted in the tool storage area.,MODERATE,
2026-08-24,UNSAFE_CONDITION,Site Delta,Site Bravo,Pipeline Integrity,Contractor-Atlas Mechanical,Safety Officer,Signage for emergency assembly point was faded and needs replacement.,MODERATE,
2026-06-16,UNSAFE_CONDITION,Site Bravo,Site Foxtrot,HSE,Contractor-Summit Rigging Co,Operator,Trip hazard from a loose cable was reported and fixed same day.,MODERATE,
2026-03-18,UNSAFE_ACT,Site Alpha,Site Echo,Operations,Contractor-Delta Wellsite Services,Safety Officer,Signage for emergency assembly point was faded and needs replacement.,MODERATE,
2026-08-14,NEAR_MISS,Site Alpha,Site Alpha,Drilling,Contractor-Pinnacle Contractors,Technician,First aid kit in the workshop was missing a few items.,HIGH,
2026-07-13,UNSAFE_ACT,Site Echo,Site Foxtrot,Maintenance,Contractor-Delta Wellsite Services,Foreman,Noise levels in the compressor room exceeded comfort but PPE was in use.,LOW,
2026-08-08,UNSAFE_ACT,Site Delta,Site Alpha,Logistics,Contractor-Northstar Industrial,Engineer,Minor spill of lubricant was cleaned up promptly with no injury.,MODERATE,
2026-05-17,NEAR_MISS,Site Foxtrot,Site Charlie,Operations,Contractor-Pinnacle Contractors,Operator,LOTO checklist was not verified before crew began work on the compressor.,MODERATE,electrical_isolation
2026-07-23,UNSAFE_ACT,Site Delta,Site Charlie,HSE,Contractor-Pinnacle Contractors,Engineer,Signage for emergency assembly point was faded and needs replacement.,LOW,
2026-04-08,UNSAFE_ACT,Site Delta,Site Foxtrot,Drilling,Contractor-Ironclad Scaffolding,Foreman,Temporary lighting was insufficient in the storage yard at night.,MODERATE,
2026-08-13,NEAR_MISS,Site Echo,Site Delta,HSE,Contractor-Summit Rigging Co,Technician,Rescue equipment was unavailable at the confined space work site.,HIGH,confined_space
2026-06-21,UNSAFE_ACT,Site Bravo,Site Echo,Logistics,Contractor-Redline Maintenance Group,Engineer,Worker used an unsafe ladder that was not rated for the task.,LOW,working_at_height
2026-03-18,NEAR_MISS,Site Bravo,Site Charlie,Maintenance,Contractor-Orion Field Services,Technician,Waste segregation bins were not properly labeled at the site office.,LOW,
2026-04-14,UNSAFE_CONDITION,Site Delta,Site Foxtrot,Maintenance,Contractor-Vantage Energy Services,Operator,Temporary lighting was insufficient in the storage yard at night.,MODERATE,
2026-03-09,UNSAFE_CONDITION,Site Charlie,Site Bravo,Maintenance,Contractor-Vantage Energy Services,Operator,First aid kit in the workshop was missing a few items.,HIGH,
2026-06-27,UNSAFE_CONDITION,Site Foxtrot,Site Bravo,Operations,Contractor-Pinnacle Contractors,Engineer,Waste segregation bins were not properly labeled at the site office.,MODERATE,
2026-05-05,UNSAFE_CONDITION,Site Echo,Site Echo,Logistics,Contractor-Meridian Fabrication,Safety Officer,Signage for emergency assembly point was faded and needs replacement.,MODERATE,
2026-05-21,NEAR_MISS,Site Delta,Site Alpha,Operations,Contractor-Summit Rigging Co,Foreman,Fire extinguisher inspection tag found expired in the break room.,HIGH,
2026-04-19,NEAR_MISS,Site Foxtrot,Site Charlie,Maintenance,Contractor-Beacon Electrical Works,Engineer,Signage for emergency assembly point was faded and needs replacement.,LOW,
2026-03-30,UNSAFE_ACT,Site Charlie,Site Charlie,Logistics,Contractor-Atlas Mechanical,Site Supervisor,Trip hazard from a loose cable was reported and fixed same day.,HIGH,
2026-06-30,UNSAFE_CONDITION,Site Charlie,Site Charlie,Maintenance,Contractor-Delta Wellsite Services,Foreman,"Minor vehicle scratch reported during routine parking maneuver, no injury.",HIGH,
2026-06-13,UNSAFE_ACT,Site Delta,Site Echo,Pipeline Integrity,Contractor-Delta Wellsite Services,Safety Officer,"Minor vehicle scratch reported during routine parking maneuver, no injury.",HIGH,
2026-07-04,NEAR_MISS,Site Alpha,Site Charlie,Pipeline Integrity,Contractor-Northstar Industrial,Foreman,First aid kit in the workshop was missing a few items.,HIGH,
2026-07-10,UNSAFE_CONDITION,Site Echo,Site Delta,Logistics,Contractor-Ironclad Scaffolding,Operator,Water leakage from a faucet reported in the site canteen.,MODERATE,
2026-06-30,UNSAFE_CONDITION,Site Charlie,Site Delta,Operations,Contractor-Meridian Fabrication,Safety Officer,Housekeeping issue noted in the tool storage area.,LOW,
2026-05-29,NEAR_MISS,Site Alpha,Site Echo,Logistics,Contractor-Atlas Mechanical,Safety Officer,Temporary lighting was insufficient in the storage yard at night.,LOW,
2026-02-27,UNSAFE_CONDITION,Site Alpha,Site Foxtrot,Logistics,Contractor-Delta Wellsite Services,Foreman,Trip hazard from a loose cable was reported and fixed same day.,LOW,
2026-08-06,UNSAFE_CONDITION,Site Charlie,Site Bravo,Drilling,Contractor-Atlas Mechanical,Technician,Fire extinguisher inspection tag found expired in the break room.,HIGH,
2026-05-19,UNSAFE_CONDITION,Site Alpha,Site Charlie,Drilling,Contractor-Summit Rigging Co,Safety Officer,Noise levels in the compressor room exceeded comfort but PPE was in use.,MODERATE,
2026-07-05,NEAR_MISS,Site Echo,Site Charlie,Drilling,Contractor-Orion Field Services,Engineer,Isolation certificate was missing when crew started work on the motor.,HIGH,electrical_isolation
2026-08-01,NEAR_MISS,Site Bravo,Site Foxtrot,Pipeline Integrity,Contractor-Northstar Industrial,Foreman,Water leakage from a faucet reported in the site canteen.,HIGH,
2026-08-24,NEAR_MISS,Site Bravo,Site Delta,HSE,Contractor-Ironclad Scaffolding,Operator,Fire extinguisher inspection tag found expired in the break room.,HIGH,
2026-03-20,UNSAFE_ACT,Site Charlie,Site Foxtrot,Maintenance,Contractor-Pinnacle Contractors,Foreman,Noise levels in the compressor room exceeded comfort but PPE was in use.,MODERATE,
2026-04-12,UNSAFE_CONDITION,Site Charlie,Site Charlie,Drilling,Contractor-Orion Field Services,Technician,Missing PTW was discovered during a routine safety walkdown.,HIGH,permit_to_work
2026-04-13,NEAR_MISS,Site Foxtrot,Site Alpha,Logistics,Contractor-Northstar Industrial,Operator,"Minor vehicle scratch reported during routine parking maneuver, no injury.",MODERATE,
2026-08-10,UNSAFE_CONDITION,Site Echo,Site Charlie,HSE,Contractor-Redline Maintenance Group,Foreman,Minor spill of lubricant was cleaned up promptly with no injury.,MODERATE,
2026-04-18,UNSAFE_CONDITION,Site Delta,Site Echo,Logistics,Contractor-Redline Maintenance Group,Technician,Water leakage from a faucet reported in the site canteen.,MODERATE,
2026-03-16,UNSAFE_ACT,Site Alpha,Site Foxtrot,Logistics,Contractor-Orion Field Services,Operator,Employee suggestion box was overflowing and needs regular clearing.,MODERATE,
2026-04-10,UNSAFE_ACT,Site Alpha,Site Delta,Operations,Contractor-Atlas Mechanical,Engineer,First aid kit in the workshop was missing a few items.,MODERATE,
2026-07-20,NEAR_MISS,Site Echo,Site Charlie,Logistics,Contractor-Orion Field Services,Engineer,Maintenance was carried out without confirming equipment isolation on the panel.,LOW,electrical_isolation
2026-07-29,UNSAFE_ACT,Site Bravo,Site Echo,Logistics,Contractor-Pinnacle Contractors,Operator,Fire extinguisher inspection tag found expired in the break room.,LOW,
2026-08-14,NEAR_MISS,Site Foxtrot,Site Charlie,Pipeline Integrity,Contractor-Delta Wellsite Services,Operator,Isolation tag was removed before work was actually complete.,LOW,electrical_isolation
2026-07-20,UNSAFE_ACT,Site Alpha,Site Alpha,Logistics,Contractor-Coastal Logistics,Operator,"Minor vehicle scratch reported during routine parking maneuver, no injury.",HIGH,
2026-07-08,NEAR_MISS,Site Foxtrot,Site Foxtrot,Logistics,Contractor-Orion Field Services,Operator,Housekeeping issue noted in the tool storage area.,LOW,
2026-03-01,NEAR_MISS,Site Bravo,Site Foxtrot,Pipeline Integrity,Contractor-Vantage Energy Services,Operator,Fire extinguisher inspection tag found expired in the break room.,MODERATE,
2026-03-30,UNSAFE_ACT,Site Delta,Site Delta,Pipeline Integrity,Contractor-Pinnacle Contractors,Site Supervisor,Missing barricade at an open edge on the tank platform.,HIGH,working_at_height
2026-03-20,UNSAFE_ACT,Site Bravo,Site Charlie,Pipeline Integrity,Contractor-Ironclad Scaffolding,Safety Officer,First aid kit in the workshop was missing a few items.,HIGH,
2026-07-09,UNSAFE_ACT,Site Delta,Site Alpha,Logistics,Contractor-Orion Field Services,Engineer,Expired permit was used to authorize work on the process unit.,LOW,permit_to_work
2026-07-16,NEAR_MISS,Site Bravo,Site Bravo,HSE,Contractor-Beacon Electrical Works,Foreman,Waste segregation bins were not properly labeled at the site office.,MODERATE,
2026-08-04,UNSAFE_ACT,Site Foxtrot,Site Delta,Pipeline Integrity,Contractor-Redline Maintenance Group,Foreman,Fire extinguisher inspection tag found expired in the break room.,MODERATE,
2026-06-25,UNSAFE_ACT,Site Alpha,Site Alpha,Logistics,Contractor-Vantage Energy Services,Operator,Minor spill of lubricant was cleaned up promptly with no injury.,HIGH,
2026-05-08,UNSAFE_CONDITION,Site Bravo,Site Foxtrot,Logistics,Contractor-Coastal Logistics,Engineer,Housekeeping issue noted in the tool storage area.,HIGH,
2026-06-24,NEAR_MISS,Site Charlie,Site Delta,Pipeline Integrity,Contractor-Delta Wellsite Services,Operator,Water leakage from a faucet reported in the site canteen.,LOW,
2026-08-12,NEAR_MISS,Site Bravo,Site Bravo,Maintenance,Contractor-Ironclad Scaffolding,Foreman,Housekeeping issue noted in the tool storage area.,LOW,
2026-05-11,UNSAFE_ACT,Site Bravo,Site Foxtrot,Drilling,Contractor-Coastal Logistics,Engineer,Housekeeping issue noted in the tool storage area.,HIGH,
2026-07-17,UNSAFE_CONDITION,Site Charlie,Site Foxtrot,HSE,Contractor-Ironclad Scaffolding,Technician,Minor spill of lubricant was cleaned up promptly with no injury.,HIGH,
2026-05-27,UNSAFE_ACT,Site Echo,Site Echo,Operations,Contractor-Meridian Fabrication,Engineer,First aid kit in the workshop was missing a few items.,MODERATE,
2026-07-21,NEAR_MISS,Site Charlie,Site Delta,Logistics,Contractor-Ironclad Scaffolding,Site Supervisor,Minor spill of lubricant was cleaned up promptly with no injury.,HIGH,
2026-04-10,UNSAFE_CONDITION,Site Bravo,Site Delta,Drilling,Contractor-Ironclad Scaffolding,Safety Officer,Housekeeping issue noted in the tool storage area.,LOW,
2026-07-20,NEAR_MISS,Site Foxtrot,Site Charlie,HSE,Contractor-Beacon Electrical Works,Operator,Waste segregation bins were not properly labeled at the site office.,MODERATE,
2026-06-09,UNSAFE_ACT,Site Bravo,Site Echo,Maintenance,Contractor-Northstar Industrial,Engineer,Housekeeping issue noted in the tool storage area.,LOW,
2026-07-15,UNSAFE_ACT,Site Bravo,Site Foxtrot,Maintenance,Contractor-Beacon Electrical Works,Safety Officer,Fire extinguisher inspection tag found expired in the break room.,MODERATE,
2026-04-19,UNSAFE_ACT,Site Foxtrot,Site Delta,Logistics,Contractor-Atlas Mechanical,Operator,Signage for emergency assembly point was faded and needs replacement.,LOW,
2026-06-30,UNSAFE_CONDITION,Site Charlie,Site Alpha,Pipeline Integrity,Contractor-Vantage Energy Services,Operator,Housekeeping issue noted in the tool storage area.,HIGH,
2026-05-26,UNSAFE_CONDITION,Site Delta,Site Echo,Maintenance,Contractor-Meridian Fabrication,Engineer,Waste segregation bins were not properly labeled at the site office.,HIGH,
2026-07-12,UNSAFE_CONDITION,Site Echo,Site Charlie,Logistics,Contractor-Summit Rigging Co,Engineer,Noise levels in the compressor room exceeded comfort but PPE was in use.,HIGH,
2026-06-05,UNSAFE_CONDITION,Site Alpha,Site Alpha,Maintenance,Contractor-Atlas Mechanical,Operator,Trip hazard from a loose cable was reported and fixed same day.,MODERATE,
2026-08-19,UNSAFE_CONDITION,Site Foxtrot,Site Charlie,Pipeline Integrity,Contractor-Pinnacle Contractors,Engineer,Missing barricade at an open edge on the tank platform.,LOW,working_at_height
2026-04-27,NEAR_MISS,Site Foxtrot,Site Bravo,Operations,Contractor-Pinnacle Contractors,Foreman,"Minor vehicle scratch reported during routine parking maneuver, no injury.",LOW,
2026-04-23,UNSAFE_CONDITION,Site Charlie,Site Bravo,Maintenance,Contractor-Atlas Mechanical,Operator,Contractor started grinding work without an approved hot work permit.,LOW,permit_to_work
2026-08-04,UNSAFE_CONDITION,Site Delta,Site Bravo,Maintenance,Contractor-Ironclad Scaffolding,Foreman,Electrical panel remained live during scheduled inspection.,LOW,electrical_isolation
2026-07-21,UNSAFE_ACT,Site Bravo,Site Delta,Drilling,Contractor-Delta Wellsite Services,Operator,Water leakage from a faucet reported in the site canteen.,LOW,
2026-05-13,UNSAFE_ACT,Site Charlie,Site Echo,Operations,Contractor-Orion Field Services,Technician,Employee suggestion box was overflowing and needs regular clearing.,MODERATE,
2026-03-27,UNSAFE_CONDITION,Site Echo,Site Echo,Logistics,Contractor-Ironclad Scaffolding,Engineer,First aid kit in the workshop was missing a few items.,HIGH,
2026-04-17,UNSAFE_ACT,Site Alpha,Site Alpha,Operations,Contractor-Vantage Energy Services,Operator,Signage for emergency assembly point was faded and needs replacement.,MODERATE,
2026-04-03,NEAR_MISS,Site Delta,Site Charlie,HSE,Contractor-Northstar Industrial,Engineer,Fire extinguisher inspection tag found expired in the break room.,MODERATE,
2026-07-25,UNSAFE_ACT,Site Delta,Site Delta,Maintenance,Contractor-Beacon Electrical Works,Site Supervisor,Minor spill of lubricant was cleaned up promptly with no injury.,HIGH,
2026-05-17,UNSAFE_CONDITION,Site Foxtrot,Site Alpha,Pipeline Integrity,Contractor-Ironclad Scaffolding,Site Supervisor,"Minor vehicle scratch reported during routine parking maneuver, no injury.",LOW,
2026-08-18,UNSAFE_CONDITION,Site Alpha,Site Charlie,HSE,Contractor-Ironclad Scaffolding,Engineer,Reverse alarm on the site vehicle was found to be non-functional.,MODERATE,vehicle_pedestrian
2026-04-07,NEAR_MISS,Site Foxtrot,Site Foxtrot,HSE,Contractor-Vantage Energy Services,Site Supervisor,Noise levels in the compressor room exceeded comfort but PPE was in use.,MODERATE,
2026-05-03,NEAR_MISS,Site Foxtrot,Site Charlie,Maintenance,Contractor-Coastal Logistics,Technician,"Minor vehicle scratch reported during routine parking maneuver, no injury.",LOW,
2026-06-09,UNSAFE_CONDITION,Site Alpha,Site Foxtrot,HSE,Contractor-Northstar Industrial,Safety Officer,Temporary lighting was insufficient in the storage yard at night.,HIGH,
2026-04-07,UNSAFE_CONDITION,Site Echo,Site Alpha,Pipeline Integrity,Contractor-Northstar Industrial,Safety Officer,Contractor started grinding work without an approved hot work permit.,MODERATE,permit_to_work
2026-08-18,NEAR_MISS,Site Echo,Site Bravo,Pipeline Integrity,Contractor-Coastal Logistics,Operator,Trip hazard from a loose cable was reported and fixed same day.,MODERATE,
2026-03-22,UNSAFE_CONDITION,Site Bravo,Site Alpha,Pipeline Integrity,Contractor-Northstar Industrial,Technician,Temporary lighting was insufficient in the storage yard at night.,LOW,
2026-07-17,NEAR_MISS,Site Delta,Site Charlie,Drilling,Contractor-Ironclad Scaffolding,Technician,Water leakage from a faucet reported in the site canteen.,HIGH,
2026-07-25,UNSAFE_CONDITION,Site Delta,Site Delta,HSE,Contractor-Ironclad Scaffolding,Operator,First aid kit in the workshop was missing a few items.,MODERATE,
2026-03-10,UNSAFE_ACT,Site Alpha,Site Charlie,Drilling,Contractor-Pinnacle Contractors,Safety Officer,Housekeeping issue noted in the tool storage area.,HIGH,
2026-07-07,UNSAFE_ACT,Site Echo,Site Delta,HSE,Contractor-Ironclad Scaffolding,Technician,Contractor started grinding work without an approved hot work permit.,MODERATE,permit_to_work
2026-08-16,UNSAFE_CONDITION,Site Delta,Site Delta,Pipeline Integrity,Contractor-Orion Field Services,Operator,Truck reversed into a restricted pedestrian zone without a signal.,HIGH,vehicle_pedestrian
2026-05-23,NEAR_MISS,Site Delta,Site Bravo,HSE,Contractor-Delta Wellsite Services,Site Supervisor,Waste segregation bins were not properly labeled at the site office.,LOW,
2026-08-13,NEAR_MISS,Site Foxtrot,Site Delta,Pipeline Integrity,Contractor-Coastal Logistics,Foreman,Fire extinguisher inspection tag found expired in the break room.,HIGH,
2026-06-29,UNSAFE_CONDITION,Site Foxtrot,Site Alpha,HSE,Contractor-Pinnacle Contractors,Technician,Employee suggestion box was overflowing and needs regular clearing.,LOW,
2026-07-16,UNSAFE_ACT,Site Bravo,Site Foxtrot,Operations,Contractor-Atlas Mechanical,Foreman,Signage for emergency assembly point was faded and needs replacement.,HIGH,
2026-06-30,UNSAFE_ACT,Site Echo,Site Foxtrot,Operations,Contractor-Delta Wellsite Services,Engineer,Electrical isolation point was not physically verified with a multimeter.,LOW,electrical_isolation
2026-08-06,NEAR_MISS,Site Alpha,Site Charlie,Logistics,Contractor-Coastal Logistics,Operator,Fire extinguisher inspection tag found expired in the break room.,HIGH,
2026-03-31,UNSAFE_CONDITION,Site Charlie,Site Alpha,HSE,Contractor-Beacon Electrical Works,Technician,Missing barricade at an open edge on the tank platform.,HIGH,working_at_height
2026-06-22,UNSAFE_ACT,Site Echo,Site Charlie,Drilling,Contractor-Atlas Mechanical,Technician,First aid kit in the workshop was missing a few items.,HIGH,
2026-06-01,NEAR_MISS,Site Delta,Site Charlie,Pipeline Integrity,Contractor-Summit Rigging Co,Operator,Trip hazard from a loose cable was reported and fixed same day.,HIGH,
2026-06-27,UNSAFE_ACT,Site Foxtrot,Site Bravo,Maintenance,Contractor-Orion Field Services,Foreman,Temporary lighting was insufficient in the storage yard at night.,MODERATE,
2026-04-10,UNSAFE_ACT,Site Foxtrot,Site Echo,Operations,Contractor-Northstar Industrial,Technician,Temporary lighting was insufficient in the storage yard at night.,HIGH,
2026-04-08,UNSAFE_CONDITION,Site Foxtrot,Site Bravo,HSE,Contractor-Ironclad Scaffolding,Engineer,Noise levels in the compressor room exceeded comfort but PPE was in use.,MODERATE,
2026-06-28,UNSAFE_CONDITION,Site Foxtrot,Site Bravo,Maintenance,Contractor-Orion Field Services,Foreman,Employee suggestion box was overflowing and needs regular clearing.,MODERATE,
2026-05-16,UNSAFE_CONDITION,Site Alpha,Site Delta,HSE,Contractor-Beacon Electrical Works,Site Supervisor,Trip hazard from a loose cable was reported and fixed same day.,MODERATE,
2026-07-19,UNSAFE_ACT,Site Bravo,Site Charlie,Logistics,Contractor-Pinnacle Contractors,Foreman,Water leakage from a faucet reported in the site canteen.,HIGH,
2026-03-09,UNSAFE_ACT,Site Charlie,Site Foxtrot,Pipeline Integrity,Contractor-Northstar Industrial,Engineer,Trip hazard from a loose cable was reported and fixed same day.,HIGH,
2026-05-29,UNSAFE_CONDITION,Site Bravo,Site Alpha,Pipeline Integrity,Contractor-Delta Wellsite Services,Foreman,Employee suggestion box was overflowing and needs regular clearing.,MODERATE,
2026-07-08,UNSAFE_ACT,Site Delta,Site Charlie,Pipeline Integrity,Contractor-Meridian Fabrication,Operator,Housekeeping issue noted in the tool storage area.,HIGH,
2026-05-19,UNSAFE_CONDITION,Site Delta,Site Bravo,Drilling,Contractor-Pinnacle Contractors,Site Supervisor,"Minor vehicle scratch reported during routine parking maneuver, no injury.",LOW,
2026-08-23,NEAR_MISS,Site Charlie,Site Echo,Drilling,Contractor-Pinnacle Contractors,Operator,Oxygen levels were not checked before crew entered the storage vessel.,HIGH,confined_space
2026-07-20,NEAR_MISS,Site Delta,Site Bravo,Logistics,Contractor-Pinnacle Contractors,Technician,Housekeeping issue noted in the tool storage area.,MODERATE,
2026-03-28,NEAR_MISS,Site Bravo,Site Alpha,Drilling,Contractor-Redline Maintenance Group,Engineer,Minor spill of lubricant was cleaned up promptly with no injury.,LOW,
2026-06-18,UNSAFE_CONDITION,Site Alpha,Site Charlie,Pipeline Integrity,Contractor-Ironclad Scaffolding,Foreman,Noise levels in the compressor room exceeded comfort but PPE was in use.,LOW,
2026-06-08,NEAR_MISS,Site Echo,Site Bravo,Logistics,Contractor-Coastal Logistics,Safety Officer,Temporary lighting was insufficient in the storage yard at night.,MODERATE,
2026-08-05,UNSAFE_CONDITION,Site Echo,Site Bravo,Maintenance,Contractor-Redline Maintenance Group,Operator,"Minor vehicle scratch reported during routine parking maneuver, no injury.",LOW,
2026-06-24,NEAR_MISS,Site Delta,Site Charlie,Pipeline Integrity,Contractor-Northstar Industrial,Engineer,Waste segregation bins were not properly labeled at the site office.,LOW,
2026-07-13,UNSAFE_ACT,Site Charlie,Site Bravo,Operations,Contractor-Redline Maintenance Group,Engineer,Trip hazard from a loose cable was reported and fixed same day.,HIGH,
2026-03-27,UNSAFE_ACT,Site Delta,Site Alpha,Drilling,Contractor-Vantage Energy Services,Technician,"Minor vehicle scratch reported during routine parking maneuver, no injury.",MODERATE,
2026-05-02,UNSAFE_CONDITION,Site Foxtrot,Site Echo,Pipeline Integrity,Contractor-Orion Field Services,Safety Officer,Water leakage from a faucet reported in the site canteen.,LOW,
2026-07-06,UNSAFE_ACT,Site Delta,Site Alpha,HSE,Contractor-Summit Rigging Co,Foreman,Fall arrest lanyard was not connected during crane basket operation.,MODERATE,working_at_height
2026-04-11,NEAR_MISS,Site Foxtrot,Site Alpha,Operations,Contractor-Beacon Electrical Works,Site Supervisor,Signage for emergency assembly point was faded and needs replacement.,LOW,
2026-06-13,UNSAFE_CONDITION,Site Charlie,Site Charlie,Drilling,Contractor-Delta Wellsite Services,Technician,Fall protection was not used while inspecting the flare stack platform.,LOW,working_at_height
2026-07-09,NEAR_MISS,Site Foxtrot,Site Alpha,Logistics,Contractor-Summit Rigging Co,Technician,Trip hazard from a loose cable was reported and fixed same day.,HIGH,
2026-07-29,UNSAFE_ACT,Site Delta,Site Foxtrot,Logistics,Contractor-Atlas Mechanical,Safety Officer,Noise levels in the compressor room exceeded comfort but PPE was in use.,HIGH,
2026-08-20,UNSAFE_ACT,Site Echo,Site Foxtrot,Operations,Contractor-Northstar Industrial,Foreman,Minor spill of lubricant was cleaned up promptly with no injury.,MODERATE,
2026-08-01,NEAR_MISS,Site Foxtrot,Site Charlie,Maintenance,Contractor-Redline Maintenance Group,Foreman,Water leakage from a faucet reported in the site canteen.,MODERATE,
2026-07-12,NEAR_MISS,Site Echo,Site Alpha,Pipeline Integrity,Contractor-Vantage Energy Services,Operator,Fire extinguisher inspection tag found expired in the break room.,MODERATE,
2026-07-09,UNSAFE_CONDITION,Site Echo,Site Delta,Logistics,Contractor-Northstar Industrial,Safety Officer,Minor spill of lubricant was cleaned up promptly with no injury.,MODERATE,
2026-07-15,UNSAFE_CONDITION,Site Bravo,Site Charlie,Drilling,Contractor-Pinnacle Contractors,Safety Officer,Housekeeping issue noted in the tool storage area.,HIGH,
2026-06-03,UNSAFE_CONDITION,Site Charlie,Site Foxtrot,HSE,Contractor-Pinnacle Contractors,Safety Officer,Temporary lighting was insufficient in the storage yard at night.,LOW,
2026-03-03,NEAR_MISS,Site Alpha,Site Charlie,Pipeline Integrity,Contractor-Vantage Energy Services,Technician,Minor spill of lubricant was cleaned up promptly with no injury.,HIGH,
2026-04-22,NEAR_MISS,Site Alpha,Site Delta,Logistics,Contractor-Vantage Energy Services,Site Supervisor,Fire extinguisher inspection tag found expired in the break room.,HIGH,
2026-06-26,NEAR_MISS,Site Delta,Site Echo,Logistics,Contractor-Summit Rigging Co,Operator,Housekeeping issue noted in the tool storage area.,LOW,
2026-04-13,UNSAFE_CONDITION,Site Charlie,Site Charlie,Logistics,Contractor-Redline Maintenance Group,Safety Officer,Expired permit was used to authorize work on the process unit.,HIGH,permit_to_work
2026-08-18,UNSAFE_CONDITION,Site Alpha,Site Bravo,Logistics,Contractor-Orion Field Services,Site Supervisor,First aid kit in the workshop was missing a few items.,HIGH,
2026-08-12,UNSAFE_ACT,Site Delta,Site Charlie,HSE,Contractor-Ironclad Scaffolding,Technician,Signage for emergency assembly point was faded and needs replacement.,HIGH,
2026-08-01,UNSAFE_ACT,Site Delta,Site Echo,Maintenance,Contractor-Vantage Energy Services,Operator,Housekeeping issue noted in the tool storage area.,HIGH,
2026-08-16,NEAR_MISS,Site Foxtrot,Site Echo,Operations,Contractor-Summit Rigging Co,Engineer,Employee suggestion box was overflowing and needs regular clearing.,HIGH,
2026-06-07,NEAR_MISS,Site Delta,Site Foxtrot,Drilling,Contractor-Meridian Fabrication,Engineer,Housekeeping issue noted in the tool storage area.,HIGH,
2026-08-13,UNSAFE_CONDITION,Site Bravo,Site Echo,HSE,Contractor-Northstar Industrial,Technician,First aid kit in the workshop was missing a few items.,LOW,
2026-05-20,UNSAFE_CONDITION,Site Echo,Site Delta,Maintenance,Contractor-Pinnacle Contractors,Technician,Trip hazard from a loose cable was reported and fixed same day.,HIGH,
2026-06-05,UNSAFE_ACT,Site Delta,Site Alpha,Drilling,Contractor-Ironclad Scaffolding,Site Supervisor,Housekeeping issue noted in the tool storage area.,LOW,
2026-08-10,NEAR_MISS,Site Echo,Site Alpha,Operations,Contractor-Pinnacle Contractors,Engineer,Truck reversed into a restricted pedestrian zone without a signal.,MODERATE,vehicle_pedestrian
2026-08-19,NEAR_MISS,Site Alpha,Site Echo,Operations,Contractor-Redline Maintenance Group,Engineer,LOTO checklist was not verified before crew began work on the compressor.,HIGH,electrical_isolation
2026-08-17,NEAR_MISS,Site Delta,Site Bravo,Logistics,Contractor-Redline Maintenance Group,Engineer,Electrical panel remained live during scheduled inspection.,LOW,electrical_isolation
2026-05-12,UNSAFE_CONDITION,Site Charlie,Site Charlie,Operations,Contractor-Summit Rigging Co,Safety Officer,Temporary lighting was insufficient in the storage yard at night.,HIGH,
2026-08-02,UNSAFE_CONDITION,Site Alpha,Site Alpha,Pipeline Integrity,Contractor-Vantage Energy Services,Site Supervisor,Fire extinguisher inspection tag found expired in the break room.,HIGH,
2026-06-05,UNSAFE_ACT,Site Delta,Site Echo,Pipeline Integrity,Contractor-Summit Rigging Co,Foreman,Noise levels in the compressor room exceeded comfort but PPE was in use.,HIGH,
2026-02-28,UNSAFE_ACT,Site Charlie,Site Charlie,Pipeline Integrity,Contractor-Pinnacle Contractors,Technician,Housekeeping issue noted in the tool storage area.,HIGH,
2026-03-24,UNSAFE_CONDITION,Site Foxtrot,Site Foxtrot,Drilling,Contractor-Meridian Fabrication,Operator,"Minor vehicle scratch reported during routine parking maneuver, no injury.",MODERATE,
2026-06-12,UNSAFE_CONDITION,Site Bravo,Site Alpha,HSE,Contractor-Atlas Mechanical,Safety Officer,Housekeeping issue noted in the tool storage area.,HIGH,
2026-06-24,NEAR_MISS,Site Bravo,Site Echo,Operations,Contractor-Summit Rigging Co,Foreman,Fire extinguisher inspection tag found expired in the break room.,MODERATE,
2026-04-14,UNSAFE_ACT,Site Delta,Site Foxtrot,Operations,Contractor-Redline Maintenance Group,Safety Officer,Housekeeping issue noted in the tool storage area.,MODERATE,
2026-08-24,NEAR_MISS,Site Foxtrot,Site Alpha,Logistics,Contractor-Beacon Electrical Works,Foreman,Waste segregation bins were not properly labeled at the site office.,MODERATE,
2026-07-06,UNSAFE_CONDITION,Site Alpha,Site Foxtrot,Operations,Contractor-Northstar Industrial,Site Supervisor,First aid kit in the workshop was missing a few items.,HIGH,
2026-03-05,NEAR_MISS,Site Foxtrot,Site Echo,HSE,Contractor-Coastal Logistics,Site Supervisor,Employee suggestion box was overflowing and needs regular clearing.,HIGH,
2026-07-16,NEAR_MISS,Site Charlie,Site Foxtrot,HSE,Contractor-Coastal Logistics,Technician,Housekeeping issue noted in the tool storage area.,LOW,
2026-06-05,UNSAFE_ACT,Site Foxtrot,Site Alpha,Drilling,Contractor-Beacon Electrical Works,Operator,Fire extinguisher inspection tag found expired in the break room.,MODERATE,
2026-04-21,UNSAFE_CONDITION,Site Foxtrot,Site Charlie,HSE,Contractor-Beacon Electrical Works,Safety Officer,Work was carried out without permit verification by the shift supervisor.,HIGH,permit_to_work
2026-05-20,UNSAFE_CONDITION,Site Delta,Site Foxtrot,HSE,Contractor-Vantage Energy Services,Technician,Water leakage from a faucet reported in the site canteen.,LOW,
2026-06-06,UNSAFE_CONDITION,Site Charlie,Site Foxtrot,Drilling,Contractor-Summit Rigging Co,Site Supervisor,Housekeeping issue noted in the tool storage area.,HIGH,
2026-03-28,NEAR_MISS,Site Charlie,Site Foxtrot,Logistics,Contractor-Pinnacle Contractors,Operator,Signage for emergency assembly point was faded and needs replacement.,LOW,
2026-03-17,NEAR_MISS,Site Foxtrot,Site Echo,Pipeline Integrity,Contractor-Delta Wellsite Services,Engineer,Waste segregation bins were not properly labeled at the site office.,HIGH,
2026-08-11,UNSAFE_CONDITION,Site Alpha,Site Foxtrot,Pipeline Integrity,Contractor-Delta Wellsite Services,Technician,Live wire was exposed during panel maintenance without proper lockout.,MODERATE,electrical_isolation
2026-05-05,NEAR_MISS,Site Alpha,Site Bravo,Maintenance,Contractor-Meridian Fabrication,Technician,Employee suggestion box was overflowing and needs regular clearing.,MODERATE,
2026-06-16,NEAR_MISS,Site Alpha,Site Alpha,HSE,Contractor-Pinnacle Contractors,Operator,Trip hazard from a loose cable was reported and fixed same day.,MODERATE,
2026-07-26,UNSAFE_CONDITION,Site Charlie,Site Bravo,Pipeline Integrity,Contractor-Pinnacle Contractors,Foreman,Temporary lighting was insufficient in the storage yard at night.,HIGH,
2026-05-10,UNSAFE_ACT,Site Charlie,Site Bravo,Drilling,Contractor-Coastal Logistics,Site Supervisor,Waste segregation bins were not properly labeled at the site office.,HIGH,
2026-06-02,NEAR_MISS,Site Foxtrot,Site Charlie,Pipeline Integrity,Contractor-Atlas Mechanical,Foreman,"Minor vehicle scratch reported during routine parking maneuver, no injury.",HIGH,
2026-04-20,NEAR_MISS,Site Delta,Site Charlie,Logistics,Contractor-Atlas Mechanical,Technician,Fire extinguisher inspection tag found expired in the break room.,HIGH,
2026-04-08,UNSAFE_ACT,Site Foxtrot,Site Echo,Maintenance,Contractor-Redline Maintenance Group,Operator,Water leakage from a faucet reported in the site canteen.,HIGH,
2026-05-19,UNSAFE_ACT,Site Bravo,Site Echo,HSE,Contractor-Orion Field Services,Foreman,"Minor vehicle scratch reported during routine parking maneuver, no injury.",HIGH,
2026-06-22,UNSAFE_ACT,Site Delta,Site Charlie,HSE,Contractor-Delta Wellsite Services,Foreman,Waste segregation bins were not properly labeled at the site office.,MODERATE,
2026-07-30,UNSAFE_ACT,Site Echo,Site Foxtrot,Drilling,Contractor-Delta Wellsite Services,Engineer,Water leakage from a faucet reported in the site canteen.,HIGH,
2026-07-11,NEAR_MISS,Site Echo,Site Bravo,HSE,Contractor-Meridian Fabrication,Technician,"Minor vehicle scratch reported during routine parking maneuver, no injury.",MODERATE,
2026-06-02,UNSAFE_ACT,Site Delta,Site Alpha,Operations,Contractor-Beacon Electrical Works,Operator,Missing barricade at an open edge on the tank platform.,HIGH,working_at_height
2026-06-07,UNSAFE_CONDITION,Site Bravo,Site Charlie,HSE,Contractor-Coastal Logistics,Operator,Signage for emergency assembly point was faded and needs replacement.,MODERATE,
2026-08-23,UNSAFE_CONDITION,Site Delta,Site Foxtrot,Maintenance,Contractor-Pinnacle Contractors,Foreman,Temporary lighting was insufficient in the storage yard at night.,MODERATE,
2026-03-13,UNSAFE_CONDITION,Site Alpha,Site Foxtrot,Logistics,Contractor-Northstar Industrial,Site Supervisor,Waste segregation bins were not properly labeled at the site office.,HIGH,
2026-04-09,UNSAFE_ACT,Site Bravo,Site Bravo,HSE,Contractor-Ironclad Scaffolding,Safety Officer,Expired permit was used to authorize work on the process unit.,HIGH,permit_to_work
2026-05-03,UNSAFE_CONDITION,Site Foxtrot,Site Bravo,Maintenance,Contractor-Meridian Fabrication,Site Supervisor,Employee suggestion box was overflowing and needs regular clearing.,LOW,
2026-06-21,UNSAFE_ACT,Site Charlie,Site Charlie,Logistics,Contractor-Delta Wellsite Services,Safety Officer,First aid kit in the workshop was missing a few items.,LOW,
2026-06-07,UNSAFE_CONDITION,Site Bravo,Site Alpha,Logistics,Contractor-Pinnacle Contractors,Site Supervisor,"Minor vehicle scratch reported during routine parking maneuver, no injury.",LOW,
2026-04-08,UNSAFE_ACT,Site Charlie,Site Foxtrot,Drilling,Contractor-Redline Maintenance Group,Operator,Contractor started grinding work without an approved hot work permit.,LOW,permit_to_work
2026-07-20,UNSAFE_CONDITION,Site Delta,Site Alpha,Logistics,Contractor-Summit Rigging Co,Site Supervisor,Signage for emergency assembly point was faded and needs replacement.,HIGH,
2026-07-02,UNSAFE_ACT,Site Echo,Site Charlie,Logistics,Contractor-Delta Wellsite Services,Operator,Water leakage from a faucet reported in the site canteen.,HIGH,
2026-03-12,UNSAFE_ACT,Site Charlie,Site Echo,Pipeline Integrity,Contractor-Delta Wellsite Services,Site Supervisor,Water leakage from a faucet reported in the site canteen.,LOW,
2026-04-22,UNSAFE_CONDITION,Site Delta,Site Delta,HSE,Contractor-Northstar Industrial,Foreman,Employee suggestion box was overflowing and needs regular clearing.,LOW,
2026-07-05,UNSAFE_CONDITION,Site Foxtrot,Site Delta,Drilling,Contractor-Meridian Fabrication,Technician,"Minor vehicle scratch reported during routine parking maneuver, no injury.",HIGH,
2026-08-07,NEAR_MISS,Site Bravo,Site Delta,Pipeline Integrity,Contractor-Northstar Industrial,Site Supervisor,Standby attendant was absent during confined space entry at the separator.,MODERATE,confined_space
2026-05-30,UNSAFE_CONDITION,Site Echo,Site Echo,Maintenance,Contractor-Orion Field Services,Operator,Temporary lighting was insufficient in the storage yard at night.,MODERATE,
2026-08-25,NEAR_MISS,Site Echo,Site Charlie,Maintenance,Contractor-Atlas Mechanical,Technician,Minor spill of lubricant was cleaned up promptly with no injury.,LOW,
2026-02-26,UNSAFE_ACT,Site Bravo,Site Charlie,HSE,Contractor-Northstar Industrial,Foreman,Minor spill of lubricant was cleaned up promptly with no injury.,LOW,
2026-08-14,NEAR_MISS,Site Alpha,Site Charlie,Logistics,Contractor-Northstar Industrial,Safety Officer,Water leakage from a faucet reported in the site canteen.,HIGH,
2026-06-07,UNSAFE_CONDITION,Site Delta,Site Echo,Operations,Contractor-Northstar Industrial,Operator,"Minor vehicle scratch reported during routine parking maneuver, no injury.",MODERATE,
2026-05-03,NEAR_MISS,Site Delta,Site Delta,Operations,Contractor-Orion Field Services,Operator,Signage for emergency assembly point was faded and needs replacement.,HIGH,
2026-07-13,UNSAFE_CONDITION,Site Charlie,Site Echo,Logistics,Contractor-Meridian Fabrication,Foreman,Waste segregation bins were not properly labeled at the site office.,LOW,
2026-08-20,UNSAFE_CONDITION,Site Delta,Site Foxtrot,Logistics,Contractor-Meridian Fabrication,Operator,Temporary lighting was insufficient in the storage yard at night.,MODERATE,
2026-03-14,UNSAFE_CONDITION,Site Alpha,Site Alpha,Logistics,Contractor-Pinnacle Contractors,Technician,Trip hazard from a loose cable was reported and fixed same day.,LOW,
2026-07-04,UNSAFE_CONDITION,Site Alpha,Site Bravo,Maintenance,Contractor-Beacon Electrical Works,Safety Officer,Technician entered energized pump area before electrical isolation was verified.,MODERATE,electrical_isolation
2026-07-25,UNSAFE_ACT,Site Echo,Site Charlie,HSE,Contractor-Beacon Electrical Works,Safety Officer,Elevated work platform was accessed without edge protection in place.,MODERATE,working_at_height
2026-06-18,UNSAFE_ACT,Site Foxtrot,Site Charlie,Pipeline Integrity,Contractor-Coastal Logistics,Technician,Trip hazard from a loose cable was reported and fixed same day.,HIGH,
2026-07-09,UNSAFE_CONDITION,Site Echo,Site Alpha,Logistics,Contractor-Ironclad Scaffolding,Engineer,Signage for emergency assembly point was faded and needs replacement.,LOW,
2026-07-14,UNSAFE_CONDITION,Site Delta,Site Delta,Drilling,Contractor-Delta Wellsite Services,Operator,Trip hazard from a loose cable was reported and fixed same day.,LOW,
2026-06-30,UNSAFE_CONDITION,Site Charlie,Site Delta,Pipeline Integrity,Contractor-Pinnacle Contractors,Foreman,Water leakage from a faucet reported in the site canteen.,HIGH,
2026-04-08,UNSAFE_CONDITION,Site Delta,Site Bravo,Drilling,Contractor-Beacon Electrical Works,Operator,Fall arrest lanyard was not connected during crane basket operation.,LOW,working_at_height
2026-08-17,UNSAFE_CONDITION,Site Charlie,Site Charlie,Maintenance,Contractor-Ironclad Scaffolding,Technician,First aid kit in the workshop was missing a few items.,LOW,
2026-04-15,UNSAFE_CONDITION,Site Charlie,Site Foxtrot,Maintenance,Contractor-Vantage Energy Services,Engineer,Employee suggestion box was overflowing and needs regular clearing.,LOW,
2026-04-04,NEAR_MISS,Site Bravo,Site Bravo,Drilling,Contractor-Orion Field Services,Foreman,Housekeeping issue noted in the tool storage area.,LOW,
2026-07-01,UNSAFE_ACT,Site Bravo,Site Echo,Drilling,Contractor-Orion Field Services,Engineer,"Minor vehicle scratch reported during routine parking maneuver, no injury.",HIGH,
2026-06-11,UNSAFE_ACT,Site Echo,Site Echo,Pipeline Integrity,Contractor-Delta Wellsite Services,Engineer,Noise levels in the compressor room exceeded comfort but PPE was in use.,LOW,
2026-08-19,UNSAFE_CONDITION,Site Alpha,Site Echo,Logistics,Contractor-Orion Field Services,Foreman,LOTO checklist was not verified before crew began work on the compressor.,LOW,electrical_isolation
2026-08-10,UNSAFE_CONDITION,Site Delta,Site Charlie,Maintenance,Contractor-Atlas Mechanical,Safety Officer,First aid kit in the workshop was missing a few items.,LOW,
2026-04-04,UNSAFE_CONDITION,Site Delta,Site Bravo,Operations,Contractor-Redline Maintenance Group,Engineer,Trip hazard from a loose cable was reported and fixed same day.,HIGH,
2026-08-06,NEAR_MISS,Site Delta,Site Charlie,HSE,Contractor-Vantage Energy Services,Operator,Entry permit for the vessel was not verified prior to work.,MODERATE,confined_space
2026-07-27,UNSAFE_CONDITION,Site Delta,Site Delta,Drilling,Contractor-Beacon Electrical Works,Engineer,Fire extinguisher inspection tag found expired in the break room.,MODERATE,
2026-05-08,NEAR_MISS,Site Charlie,Site Charlie,Logistics,Contractor-Coastal Logistics,Foreman,First aid kit in the workshop was missing a few items.,MODERATE,
2026-07-20,UNSAFE_CONDITION,Site Charlie,Site Echo,Operations,Contractor-Redline Maintenance Group,Safety Officer,Isolation tag was removed before work was actually complete.,LOW,electrical_isolation
2026-05-02,UNSAFE_CONDITION,Site Bravo,Site Bravo,Maintenance,Contractor-Meridian Fabrication,Engineer,"Minor vehicle scratch reported during routine parking maneuver, no injury.",LOW,
2026-04-25,UNSAFE_CONDITION,Site Bravo,Site Echo,Operations,Contractor-Pinnacle Contractors,Operator,Temporary lighting was insufficient in the storage yard at night.,LOW,
2026-06-16,UNSAFE_ACT,Site Foxtrot,Site Alpha,Maintenance,Contractor-Pinnacle Contractors,Operator,Fire extinguisher inspection tag found expired in the break room.,HIGH,
2026-03-29,NEAR_MISS,Site Foxtrot,Site Delta,Drilling,Contractor-Meridian Fabrication,Site Supervisor,"Minor vehicle scratch reported during routine parking maneuver, no injury.",MODERATE,
2026-08-11,NEAR_MISS,Site Charlie,Site Echo,HSE,Contractor-Pinnacle Contractors,Safety Officer,Employee suggestion box was overflowing and needs regular clearing.,HIGH,
2026-06-16,UNSAFE_ACT,Site Bravo,Site Alpha,Drilling,Contractor-Beacon Electrical Works,Safety Officer,Live wire was exposed during panel maintenance without proper lockout.,LOW,electrical_isolation
2026-08-21,UNSAFE_CONDITION,Site Delta,Site Alpha,Operations,Contractor-Northstar Industrial,Technician,Housekeeping issue noted in the tool storage area.,HIGH,
2026-04-23,NEAR_MISS,Site Foxtrot,Site Foxtrot,Logistics,Contractor-Delta Wellsite Services,Operator,Noise levels in the compressor room exceeded comfort but PPE was in use.,MODERATE,
2026-04-18,UNSAFE_CONDITION,Site Charlie,Site Bravo,Maintenance,Contractor-Summit Rigging Co,Site Supervisor,Fire extinguisher inspection tag found expired in the break room.,HIGH,
2026-06-17,UNSAFE_CONDITION,Site Charlie,Site Charlie,Maintenance,Contractor-Atlas Mechanical,Engineer,Temporary lighting was insufficient in the storage yard at night.,HIGH,
2026-04-13,NEAR_MISS,Site Delta,Site Echo,Operations,Contractor-Coastal Logistics,Safety Officer,Signage for emergency assembly point was faded and needs replacement.,MODERATE,
2026-05-25,UNSAFE_CONDITION,Site Delta,Site Alpha,Maintenance,Contractor-Atlas Mechanical,Site Supervisor,Expired permit was used to authorize work on the process unit.,MODERATE,permit_to_work
2026-05-28,NEAR_MISS,Site Foxtrot,Site Bravo,Operations,Contractor-Northstar Industrial,Site Supervisor,Noise levels in the compressor room exceeded comfort but PPE was in use.,MODERATE,
2026-06-14,UNSAFE_ACT,Site Bravo,Site Charlie,Pipeline Integrity,Contractor-Delta Wellsite Services,Site Supervisor,Housekeeping issue noted in the tool storage area.,MODERATE,
2026-06-06,NEAR_MISS,Site Charlie,Site Charlie,Pipeline Integrity,Contractor-Pinnacle Contractors,Operator,Noise levels in the compressor room exceeded comfort but PPE was in use.,HIGH,
2026-08-02,UNSAFE_CONDITION,Site Charlie,Site Charlie,Pipeline Integrity,Contractor-Northstar Industrial,Operator,Minor spill of lubricant was cleaned up promptly with no injury.,HIGH,
2026-06-02,NEAR_MISS,Site Alpha,Site Delta,Maintenance,Contractor-Atlas Mechanical,Foreman,Rescue equipment was unavailable at the confined space work site.,LOW,confined_space
2026-05-23,UNSAFE_ACT,Site Charlie,Site Alpha,Logistics,Contractor-Pinnacle Contractors,Engineer,Fire extinguisher inspection tag found expired in the break room.,LOW,
2026-04-18,UNSAFE_ACT,Site Echo,Site Echo,Operations,Contractor-Meridian Fabrication,Safety Officer,"Minor vehicle scratch reported during routine parking maneuver, no injury.",HIGH,
2026-03-16,UNSAFE_ACT,Site Delta,Site Echo,HSE,Contractor-Atlas Mechanical,Engineer,Housekeeping issue noted in the tool storage area.,MODERATE,
2026-05-28,UNSAFE_CONDITION,Site Bravo,Site Foxtrot,Logistics,Contractor-Pinnacle Contractors,Safety Officer,Contractor started grinding work without an approved hot work permit.,HIGH,permit_to_work
2026-06-09,UNSAFE_CONDITION,Site Foxtrot,Site Foxtrot,HSE,Contractor-Summit Rigging Co,Technician,Temporary lighting was insufficient in the storage yard at night.,HIGH,
2026-03-17,NEAR_MISS,Site Alpha,Site Delta,HSE,Contractor-Redline Maintenance Group,Foreman,Employee suggestion box was overflowing and needs regular clearing.,HIGH,
2026-05-22,UNSAFE_CONDITION,Site Echo,Site Bravo,Logistics,Contractor-Atlas Mechanical,Technician,Fire extinguisher inspection tag found expired in the break room.,LOW,
2026-04-04,UNSAFE_ACT,Site Foxtrot,Site Foxtrot,Logistics,Contractor-Beacon Electrical Works,Site Supervisor,Employee suggestion box was overflowing and needs regular clearing.,HIGH,
2026-05-07,NEAR_MISS,Site Delta,Site Charlie,Maintenance,Contractor-Redline Maintenance Group,Foreman,Temporary lighting was insufficient in the storage yard at night.,MODERATE,
2026-05-23,NEAR_MISS,Site Alpha,Site Echo,Drilling,Contractor-Delta Wellsite Services,Technician,Trip hazard from a loose cable was reported and fixed same day.,HIGH,
2026-04-08,UNSAFE_CONDITION,Site Charlie,Site Foxtrot,Pipeline Integrity,Contractor-Atlas Mechanical,Foreman,Fire extinguisher inspection tag found expired in the break room.,HIGH,
2026-08-03,NEAR_MISS,Site Delta,Site Echo,HSE,Contractor-Coastal Logistics,Engineer,Fire extinguisher inspection tag found expired in the break room.,HIGH,
2026-06-21,UNSAFE_ACT,Site Alpha,Site Foxtrot,HSE,Contractor-Vantage Energy Services,Foreman,Trip hazard from a loose cable was reported and fixed same day.,HIGH,
2026-05-18,NEAR_MISS,Site Echo,Site Delta,Operations,Contractor-Orion Field Services,Engineer,First aid kit in the workshop was missing a few items.,MODERATE,
2026-07-14,UNSAFE_ACT,Site Foxtrot,Site Echo,HSE,Contractor-Atlas Mechanical,Engineer,First aid kit in the workshop was missing a few items.,HIGH,
2026-05-20,NEAR_MISS,Site Bravo,Site Delta,Logistics,Contractor-Pinnacle Contractors,Engineer,Signage for emergency assembly point was faded and needs replacement.,MODERATE,
2026-06-29,NEAR_MISS,Site Charlie,Site Bravo,Pipeline Integrity,Contractor-Coastal Logistics,Engineer,First aid kit in the workshop was missing a few items.,MODERATE,
2026-03-27,UNSAFE_CONDITION,Site Delta,Site Charlie,Maintenance,Contractor-Redline Maintenance Group,Operator,Signage for emergency assembly point was faded and needs replacement.,HIGH,
2026-03-25,UNSAFE_CONDITION,Site Foxtrot,Site Foxtrot,Drilling,Contractor-Redline Maintenance Group,Operator,Water leakage from a faucet reported in the site canteen.,LOW,
2026-08-05,NEAR_MISS,Site Alpha,Site Delta,Drilling,Contractor-Summit Rigging Co,Foreman,Reverse alarm on the site vehicle was found to be non-functional.,HIGH,vehicle_pedestrian
2026-05-10,UNSAFE_ACT,Site Alpha,Site Delta,Maintenance,Contractor-Redline Maintenance Group,Foreman,Technician climbed to elevated work area without anchor point confirmed.,LOW,working_at_height
2026-03-22,UNSAFE_ACT,Site Alpha,Site Foxtrot,Operations,Contractor-Delta Wellsite Services,Operator,"Minor vehicle scratch reported during routine parking maneuver, no injury.",MODERATE,
2026-08-20,UNSAFE_CONDITION,Site Bravo,Site Charlie,Maintenance,Contractor-Orion Field Services,Safety Officer,Panel door was opened while circuit remained energized.,MODERATE,electrical_isolation
2026-04-03,UNSAFE_CONDITION,Site Echo,Site Charlie,HSE,Contractor-Beacon Electrical Works,Site Supervisor,Trip hazard from a loose cable was reported and fixed same day.,MODERATE,
2026-05-01,UNSAFE_CONDITION,Site Alpha,Site Alpha,Pipeline Integrity,Contractor-Northstar Industrial,Safety Officer,Noise levels in the compressor room exceeded comfort but PPE was in use.,MODERATE,
2026-07-15,NEAR_MISS,Site Foxtrot,Site Alpha,Maintenance,Contractor-Northstar Industrial,Engineer,Temporary lighting was insufficient in the storage yard at night.,MODERATE,
2026-04-15,NEAR_MISS,Site Foxtrot,Site Foxtrot,Logistics,Contractor-Northstar Industrial,Operator,Noise levels in the compressor room exceeded comfort but PPE was in use.,HIGH,
2026-04-01,NEAR_MISS,Site Echo,Site Alpha,Pipeline Integrity,Contractor-Ironclad Scaffolding,Site Supervisor,Waste segregation bins were not properly labeled at the site office.,HIGH,
2026-08-12,UNSAFE_ACT,Site Charlie,Site Echo,Maintenance,Contractor-Coastal Logistics,Site Supervisor,Housekeeping issue noted in the tool storage area.,MODERATE,
2026-06-21,NEAR_MISS,Site Alpha,Site Echo,Pipeline Integrity,Contractor-Vantage Energy Services,Technician,Energized cable was handled without confirming de-energization.,LOW,electrical_isolation
2026-08-17,NEAR_MISS,Site Echo,Site Echo,Drilling,Contractor-Summit Rigging Co,Technician,Fire extinguisher inspection tag found expired in the break room.,LOW,
2026-03-28,NEAR_MISS,Site Foxtrot,Site Foxtrot,HSE,Contractor-Northstar Industrial,Safety Officer,Trip hazard from a loose cable was reported and fixed same day.,HIGH,
2026-03-30,UNSAFE_CONDITION,Site Echo,Site Alpha,Drilling,Contractor-Delta Wellsite Services,Technician,"Minor vehicle scratch reported during routine parking maneuver, no injury.",MODERATE,
2026-07-05,UNSAFE_ACT,Site Charlie,Site Charlie,Logistics,Contractor-Beacon Electrical Works,Foreman,Minor spill of lubricant was cleaned up promptly with no injury.,MODERATE,
2026-03-01,NEAR_MISS,Site Foxtrot,Site Alpha,Pipeline Integrity,Contractor-Coastal Logistics,Engineer,Fire extinguisher inspection tag found expired in the break room.,HIGH,
2026-08-01,UNSAFE_ACT,Site Delta,Site Echo,Logistics,Contractor-Vantage Energy Services,Foreman,Water leakage from a faucet reported in the site canteen.,HIGH,
2026-06-25,UNSAFE_ACT,Site Bravo,Site Alpha,Pipeline Integrity,Contractor-Northstar Industrial,Operator,Trip hazard from a loose cable was reported and fixed same day.,HIGH,
2026-05-03,NEAR_MISS,Site Charlie,Site Charlie,Drilling,Contractor-Orion Field Services,Engineer,Employee suggestion box was overflowing and needs regular clearing.,HIGH,
2026-08-25,NEAR_MISS,Site Alpha,Site Bravo,Maintenance,Contractor-Vantage Energy Services,Safety Officer,Technician entered energized pump area before electrical isolation was verified.,LOW,electrical_isolation
2026-03-20,UNSAFE_ACT,Site Charlie,Site Alpha,Pipeline Integrity,Contractor-Meridian Fabrication,Site Supervisor,Waste segregation bins were not properly labeled at the site office.,MODERATE,
2026-04-14,NEAR_MISS,Site Charlie,Site Delta,Logistics,Contractor-Summit Rigging Co,Engineer,Signage for emergency assembly point was faded and needs replacement.,HIGH,
2026-06-22,UNSAFE_CONDITION,Site Bravo,Site Echo,Pipeline Integrity,Contractor-Summit Rigging Co,Safety Officer,"Minor vehicle scratch reported during routine parking maneuver, no injury.",MODERATE,
2026-06-03,NEAR_MISS,Site Charlie,Site Charlie,Pipeline Integrity,Contractor-Coastal Logistics,Engineer,Housekeeping issue noted in the tool storage area.,MODERATE,
2026-07-23,NEAR_MISS,Site Alpha,Site Echo,Logistics,Contractor-Delta Wellsite Services,Safety Officer,Noise levels in the compressor room exceeded comfort but PPE was in use.,HIGH,
2026-03-28,UNSAFE_CONDITION,Site Alpha,Site Alpha,Maintenance,Contractor-Orion Field Services,Engineer,Water leakage from a faucet reported in the site canteen.,MODERATE,
2026-06-10,UNSAFE_ACT,Site Charlie,Site Charlie,HSE,Contractor-Orion Field Services,Engineer,"Minor vehicle scratch reported during routine parking maneuver, no injury.",HIGH,
2026-07-23,UNSAFE_ACT,Site Bravo,Site Foxtrot,Maintenance,Contractor-Atlas Mechanical,Technician,Temporary lighting was insufficient in the storage yard at night.,MODERATE,
2026-06-24,UNSAFE_ACT,Site Alpha,Site Charlie,Logistics,Contractor-Summit Rigging Co,Foreman,Water leakage from a faucet reported in the site canteen.,MODERATE,
2026-08-10,UNSAFE_ACT,Site Delta,Site Alpha,Drilling,Contractor-Beacon Electrical Works,Site Supervisor,"Minor vehicle scratch reported during routine parking maneuver, no injury.",LOW,
2026-03-12,UNSAFE_CONDITION,Site Bravo,Site Bravo,Maintenance,Contractor-Atlas Mechanical,Operator,Employee suggestion box was overflowing and needs regular clearing.,HIGH,
2026-08-21,UNSAFE_ACT,Site Delta,Site Delta,Maintenance,Contractor-Delta Wellsite Services,Foreman,Temporary lighting was insufficient in the storage yard at night.,LOW,
2026-08-19,UNSAFE_CONDITION,Site Bravo,Site Charlie,Logistics,Contractor-Ironclad Scaffolding,Foreman,Temporary lighting was insufficient in the storage yard at night.,LOW,
2026-05-12,UNSAFE_ACT,Site Delta,Site Bravo,Drilling,Contractor-Ironclad Scaffolding,Safety Officer,First aid kit in the workshop was missing a few items.,LOW,
2026-08-23,UNSAFE_CONDITION,Site Echo,Site Foxtrot,Operations,Contractor-Ironclad Scaffolding,Foreman,Vehicle backed up without a spotter present near the loading bay.,LOW,vehicle_pedestrian
2026-04-01,NEAR_MISS,Site Alpha,Site Echo,Pipeline Integrity,Contractor-Atlas Mechanical,Technician,Waste segregation bins were not properly labeled at the site office.,MODERATE,
2026-06-08,NEAR_MISS,Site Foxtrot,Site Charlie,Operations,Contractor-Meridian Fabrication,Engineer,Trip hazard from a loose cable was reported and fixed same day.,LOW,
2026-07-17,UNSAFE_ACT,Site Bravo,Site Charlie,Logistics,Contractor-Vantage Energy Services,Engineer,Employee suggestion box was overflowing and needs regular clearing.,HIGH,
2026-06-13,UNSAFE_CONDITION,Site Echo,Site Foxtrot,Operations,Contractor-Orion Field Services,Site Supervisor,Worker accessed switchgear room without confirming lockout status.,LOW,electrical_isolation
2026-06-16,NEAR_MISS,Site Alpha,Site Bravo,Logistics,Contractor-Coastal Logistics,Foreman,Signage for emergency assembly point was faded and needs replacement.,HIGH,
2026-04-27,NEAR_MISS,Site Foxtrot,Site Foxtrot,HSE,Contractor-Northstar Industrial,Engineer,Signage for emergency assembly point was faded and needs replacement.,HIGH,
2026-02-26,UNSAFE_CONDITION,Site Delta,Site Echo,Maintenance,Contractor-Northstar Industrial,Technician,Fire extinguisher inspection tag found expired in the break room.,MODERATE,
2026-05-05,UNSAFE_CONDITION,Site Foxtrot,Site Alpha,Pipeline Integrity,Contractor-Pinnacle Contractors,Operator,Signage for emergency assembly point was faded and needs replacement.,LOW,
2026-05-16,UNSAFE_CONDITION,Site Echo,Site Bravo,Logistics,Contractor-Vantage Energy Services,Engineer,Temporary lighting was insufficient in the storage yard at night.,HIGH,
2026-08-11,UNSAFE_CONDITION,Site Foxtrot,Site Foxtrot,HSE,Contractor-Redline Maintenance Group,Site Supervisor,Water leakage from a faucet reported in the site canteen.,LOW,
2026-08-12,NEAR_MISS,Site Delta,Site Charlie,Logistics,Contractor-Northstar Industrial,Engineer,First aid kit in the workshop was missing a few items.,HIGH,
2026-04-26,UNSAFE_ACT,Site Delta,Site Foxtrot,HSE,Contractor-Ironclad Scaffolding,Safety Officer,Noise levels in the compressor room exceeded comfort but PPE was in use.,LOW,
2026-05-31,UNSAFE_CONDITION,Site Foxtrot,Site Bravo,Drilling,Contractor-Ironclad Scaffolding,Safety Officer,"Minor vehicle scratch reported during routine parking maneuver, no injury.",LOW,
2026-03-05,NEAR_MISS,Site Delta,Site Echo,Maintenance,Contractor-Delta Wellsite Services,Technician,Housekeeping issue noted in the tool storage area.,MODERATE,
2026-05-04,NEAR_MISS,Site Foxtrot,Site Alpha,Drilling,Contractor-Orion Field Services,Technician,Trip hazard from a loose cable was reported and fixed same day.,LOW,
2026-03-31,NEAR_MISS,Site Foxtrot,Site Bravo,Operations,Contractor-Ironclad Scaffolding,Technician,Waste segregation bins were not properly labeled at the site office.,LOW,
2026-04-23,UNSAFE_ACT,Site Foxtrot,Site Delta,HSE,Contractor-Orion Field Services,Site Supervisor,Noise levels in the compressor room exceeded comfort but PPE was in use.,LOW,
2026-05-03,UNSAFE_ACT,Site Bravo,Site Bravo,Operations,Contractor-Meridian Fabrication,Technician,Housekeeping issue noted in the tool storage area.,MODERATE,
2026-07-21,UNSAFE_CONDITION,Site Charlie,Site Delta,Maintenance,Contractor-Coastal Logistics,Safety Officer,Entry permit for the vessel was not verified prior to work.,HIGH,confined_space
2026-06-24,NEAR_MISS,Site Echo,Site Charlie,HSE,Contractor-Summit Rigging Co,Technician,Energized cable was handled without confirming de-energization.,MODERATE,electrical_isolation
2026-03-29,UNSAFE_CONDITION,Site Delta,Site Echo,HSE,Contractor-Ironclad Scaffolding,Site Supervisor,First aid kit in the workshop was missing a few items.,LOW,
2026-06-23,NEAR_MISS,Site Alpha,Site Bravo,Pipeline Integrity,Contractor-Redline Maintenance Group,Technician,Waste segregation bins were not properly labeled at the site office.,HIGH,
2026-04-20,UNSAFE_CONDITION,Site Alpha,Site Foxtrot,Pipeline Integrity,Contractor-Summit Rigging Co,Site Supervisor,"Minor vehicle scratch reported during routine parking maneuver, no injury.",MODERATE,
2026-04-28,NEAR_MISS,Site Alpha,Site Alpha,Pipeline Integrity,Contractor-Pinnacle Contractors,Safety Officer,Minor spill of lubricant was cleaned up promptly with no injury.,HIGH,
2026-04-23,UNSAFE_CONDITION,Site Charlie,Site Bravo,HSE,Contractor-Pinnacle Contractors,Site Supervisor,Water leakage from a faucet reported in the site canteen.,LOW,
2026-04-22,NEAR_MISS,Site Charlie,Site Delta,Operations,Contractor-Beacon Electrical Works,Operator,Water leakage from a faucet reported in the site canteen.,LOW,
2026-06-03,UNSAFE_CONDITION,Site Echo,Site Echo,Drilling,Contractor-Ironclad Scaffolding,Foreman,Employee suggestion box was overflowing and needs regular clearing.,HIGH,
2026-06-21,UNSAFE_ACT,Site Charlie,Site Foxtrot,Maintenance,Contractor-Ironclad Scaffolding,Safety Officer,Signage for emergency assembly point was faded and needs replacement.,LOW,
2026-03-10,NEAR_MISS,Site Alpha,Site Echo,HSE,Contractor-Summit Rigging Co,Site Supervisor,Employee suggestion box was overflowing and needs regular clearing.,LOW,
2026-02-28,UNSAFE_CONDITION,Site Echo,Site Alpha,HSE,Contractor-Redline Maintenance Group,Safety Officer,Noise levels in the compressor room exceeded comfort but PPE was in use.,HIGH,
2026-07-17,UNSAFE_CONDITION,Site Bravo,Site Delta,HSE,Contractor-Northstar Industrial,Foreman,Scaffold inspection tag was expired but crew worked on it anyway.,LOW,working_at_height
2026-06-23,UNSAFE_ACT,Site Delta,Site Alpha,Operations,Contractor-Northstar Industrial,Technician,"Minor vehicle scratch reported during routine parking maneuver, no injury.",LOW,
2026-07-31,UNSAFE_CONDITION,Site Delta,Site Echo,Logistics,Contractor-Northstar Industrial,Site Supervisor,"Minor vehicle scratch reported during routine parking maneuver, no injury.",LOW,
2026-05-31,NEAR_MISS,Site Foxtrot,Site Bravo,Drilling,Contractor-Delta Wellsite Services,Technician,"Minor vehicle scratch reported during routine parking maneuver, no injury.",HIGH,
2026-07-25,UNSAFE_CONDITION,Site Alpha,Site Foxtrot,Operations,Contractor-Pinnacle Contractors,Engineer,Signage for emergency assembly point was faded and needs replacement.,HIGH,
2026-08-13,NEAR_MISS,Site Echo,Site Echo,HSE,Contractor-Meridian Fabrication,Technician,Vehicle backed up without a spotter present near the loading bay.,MODERATE,vehicle_pedestrian
2026-07-10,UNSAFE_CONDITION,Site Foxtrot,Site Bravo,Logistics,Contractor-Beacon Electrical Works,Operator,Housekeeping issue noted in the tool storage area.,HIGH,
2026-05-21,UNSAFE_ACT,Site Charlie,Site Alpha,Pipeline Integrity,Contractor-Pinnacle Contractors,Site Supervisor,Trip hazard from a loose cable was reported and fixed same day.,HIGH,
2026-05-29,UNSAFE_CONDITION,Site Bravo,Site Foxtrot,Maintenance,Contractor-Redline Maintenance Group,Engineer,Signage for emergency assembly point was faded and needs replacement.,HIGH,
2026-06-03,UNSAFE_ACT,Site Bravo,Site Charlie,Logistics,Contractor-Northstar Industrial,Operator,Trip hazard from a loose cable was reported and fixed same day.,LOW,
2026-07-13,NEAR_MISS,Site Echo,Site Bravo,Maintenance,Contractor-Beacon Electrical Works,Foreman,Water leakage from a faucet reported in the site canteen.,MODERATE,
2026-08-23,UNSAFE_CONDITION,Site Alpha,Site Foxtrot,HSE,Contractor-Northstar Industrial,Operator,Vehicle backed up without a spotter present near the loading bay.,LOW,vehicle_pedestrian
2026-07-20,NEAR_MISS,Site Bravo,Site Delta,Logistics,Contractor-Atlas Mechanical,Site Supervisor,Water leakage from a faucet reported in the site canteen.,MODERATE,
2026-07-22,UNSAFE_ACT,Site Foxtrot,Site Delta,HSE,Contractor-Ironclad Scaffolding,Engineer,Noise levels in the compressor room exceeded comfort but PPE was in use.,MODERATE,
2026-06-07,NEAR_MISS,Site Foxtrot,Site Foxtrot,Pipeline Integrity,Contractor-Meridian Fabrication,Foreman,Noise levels in the compressor room exceeded comfort but PPE was in use.,HIGH,
2026-06-12,UNSAFE_ACT,Site Delta,Site Alpha,Drilling,Contractor-Beacon Electrical Works,Operator,Temporary lighting was insufficient in the storage yard at night.,MODERATE,
2026-03-03,UNSAFE_CONDITION,Site Charlie,Site Delta,HSE,Contractor-Coastal Logistics,Foreman,Housekeeping issue noted in the tool storage area.,LOW,
2026-03-20,UNSAFE_ACT,Site Charlie,Site Charlie,Operations,Contractor-Pinnacle Contractors,Foreman,Waste segregation bins were not properly labeled at the site office.,HIGH,
2026-05-18,UNSAFE_CONDITION,Site Charlie,Site Foxtrot,Logistics,Contractor-Vantage Energy Services,Engineer,First aid kit in the workshop was missing a few items.,HIGH,
2026-07-10,UNSAFE_ACT,Site Alpha,Site Foxtrot,Pipeline Integrity,Contractor-Vantage Energy Services,Safety Officer,Temporary lighting was insufficient in the storage yard at night.,LOW,
2026-07-26,NEAR_MISS,Site Foxtrot,Site Alpha,Operations,Contractor-Orion Field Services,Foreman,Noise levels in the compressor room exceeded comfort but PPE was in use.,LOW,
2026-05-25,UNSAFE_ACT,Site Alpha,Site Charlie,HSE,Contractor-Beacon Electrical Works,Site Supervisor,Temporary lighting was insufficient in the storage yard at night.,MODERATE,
2026-03-10,UNSAFE_ACT,Site Foxtrot,Site Foxtrot,Pipeline Integrity,Contractor-Summit Rigging Co,Technician,Water leakage from a faucet reported in the site canteen.,LOW,
2026-07-23,UNSAFE_ACT,Site Delta,Site Foxtrot,Maintenance,Contractor-Northstar Industrial,Operator,Minor spill of lubricant was cleaned up promptly with no injury.,LOW,
2026-08-10,UNSAFE_CONDITION,Site Foxtrot,Site Bravo,HSE,Contractor-Delta Wellsite Services,Technician,Minor spill of lubricant was cleaned up promptly with no injury.,LOW,
2026-05-30,NEAR_MISS,Site Echo,Site Echo,Pipeline Integrity,Contractor-Summit Rigging Co,Technician,Housekeeping issue noted in the tool storage area.,HIGH,
2026-07-27,UNSAFE_ACT,Site Foxtrot,Site Echo,Maintenance,Contractor-Delta Wellsite Services,Operator,Signage for emergency assembly point was faded and needs replacement.,HIGH,
2026-06-15,UNSAFE_CONDITION,Site Bravo,Site Delta,Operations,Contractor-Pinnacle Contractors,Foreman,Housekeeping issue noted in the tool storage area.,LOW,
2026-05-12,UNSAFE_ACT,Site Delta,Site Bravo,Maintenance,Contractor-Ironclad Scaffolding,Foreman,Employee suggestion box was overflowing and needs regular clearing.,MODERATE,
2026-06-24,NEAR_MISS,Site Echo,Site Bravo,HSE,Contractor-Beacon Electrical Works,Site Supervisor,"Minor vehicle scratch reported during routine parking maneuver, no injury.",LOW,
2026-03-18,NEAR_MISS,Site Delta,Site Bravo,Maintenance,Contractor-Vantage Energy Services,Site Supervisor,Temporary lighting was insufficient in the storage yard at night.,LOW,
2026-02-28,NEAR_MISS,Site Foxtrot,Site Bravo,Pipeline Integrity,Contractor-Orion Field Services,Foreman,Signage for emergency assembly point was faded and needs replacement.,MODERATE,
2026-03-27,UNSAFE_ACT,Site Delta,Site Echo,Operations,Contractor-Coastal Logistics,Technician,"Minor vehicle scratch reported during routine parking maneuver, no injury.",HIGH,
2026-06-13,UNSAFE_CONDITION,Site Echo,Site Alpha,HSE,Contractor-Ironclad Scaffolding,Operator,Noise levels in the compressor room exceeded comfort but PPE was in use.,MODERATE,
2026-03-05,NEAR_MISS,Site Delta,Site Delta,Drilling,Contractor-Meridian Fabrication,Safety Officer,Water leakage from a faucet reported in the site canteen.,LOW,
2026-08-13,UNSAFE_CONDITION,Site Delta,Site Echo,Pipeline Integrity,Contractor-Orion Field Services,Site Supervisor,Housekeeping issue noted in the tool storage area.,MODERATE,
2026-07-23,NEAR_MISS,Site Alpha,Site Alpha,Drilling,Contractor-Beacon Electrical Works,Engineer,"Minor vehicle scratch reported during routine parking maneuver, no injury.",HIGH,
2026-08-08,UNSAFE_ACT,Site Charlie,Site Foxtrot,Logistics,Contractor-Beacon Electrical Works,Engineer,Technician climbed to elevated work area without anchor point confirmed.,HIGH,working_at_height
2026-07-28,UNSAFE_ACT,Site Charlie,Site Bravo,Maintenance,Contractor-Coastal Logistics,Engineer,Isolation tag was removed before work was actually complete.,HIGH,electrical_isolation
2026-05-14,UNSAFE_CONDITION,Site Bravo,Site Alpha,Operations,Contractor-Coastal Logistics,Technician,Maintenance was carried out without confirming equipment isolation on the panel.,LOW,electrical_isolation
2026-02-26,UNSAFE_ACT,Site Bravo,Site Foxtrot,Maintenance,Contractor-Beacon Electrical Works,Operator,Temporary lighting was insufficient in the storage yard at night.,LOW,
2026-06-20,NEAR_MISS,Site Bravo,Site Delta,Operations,Contractor-Delta Wellsite Services,Technician,Fire extinguisher inspection tag found expired in the break room.,MODERATE,
2026-08-21,UNSAFE_ACT,Site Echo,Site Foxtrot,Drilling,Contractor-Summit Rigging Co,Technician,"Minor vehicle scratch reported during routine parking maneuver, no injury.",LOW,
2026-06-23,NEAR_MISS,Site Foxtrot,Site Charlie,Operations,Contractor-Pinnacle Contractors,Foreman,Housekeeping issue noted in the tool storage area.,LOW,
2026-08-21,UNSAFE_CONDITION,Site Delta,Site Delta,Drilling,Contractor-Pinnacle Contractors,Engineer,Gas testing was not conducted before confined space entry into the tank.,HIGH,confined_space
2026-08-07,UNSAFE_CONDITION,Site Delta,Site Charlie,HSE,Contractor-Coastal Logistics,Technician,Signage for emergency assembly point was faded and needs replacement.,LOW,
2026-03-10,NEAR_MISS,Site Foxtrot,Site Echo,Drilling,Contractor-Coastal Logistics,Technician,Fire extinguisher inspection tag found expired in the break room.,LOW,
2026-08-05,UNSAFE_ACT,Site Alpha,Site Charlie,Pipeline Integrity,Contractor-Northstar Industrial,Foreman,Noise levels in the compressor room exceeded comfort but PPE was in use.,MODERATE,
2026-08-09,UNSAFE_ACT,Site Charlie,Site Charlie,Pipeline Integrity,Contractor-Redline Maintenance Group,Foreman,Fire extinguisher inspection tag found expired in the break room.,HIGH,
2026-06-09,UNSAFE_ACT,Site Alpha,Site Charlie,Maintenance,Contractor-Orion Field Services,Technician,"Minor vehicle scratch reported during routine parking maneuver, no injury.",MODERATE,
2026-06-18,NEAR_MISS,Site Foxtrot,Site Delta,Drilling,Contractor-Vantage Energy Services,Technician,Noise levels in the compressor room exceeded comfort but PPE was in use.,MODERATE,
2026-07-09,UNSAFE_CONDITION,Site Charlie,Site Bravo,Pipeline Integrity,Contractor-Northstar Industrial,Safety Officer,"Minor vehicle scratch reported during routine parking maneuver, no injury.",HIGH,
2026-05-25,UNSAFE_CONDITION,Site Delta,Site Delta,Maintenance,Contractor-Redline Maintenance Group,Technician,First aid kit in the workshop was missing a few items.,MODERATE,
2026-05-06,NEAR_MISS,Site Bravo,Site Foxtrot,Operations,Contractor-Ironclad Scaffolding,Site Supervisor,Trip hazard from a loose cable was reported and fixed same day.,LOW,
2026-06-06,UNSAFE_ACT,Site Bravo,Site Delta,Logistics,Contractor-Ironclad Scaffolding,Operator,Water leakage from a faucet reported in the site canteen.,MODERATE,
2026-07-25,NEAR_MISS,Site Foxtrot,Site Delta,Drilling,Contractor-Beacon Electrical Works,Safety Officer,Fire extinguisher inspection tag found expired in the break room.,LOW,
2026-08-17,NEAR_MISS,Site Echo,Site Alpha,Drilling,Contractor-Meridian Fabrication,Technician,Fire extinguisher inspection tag found expired in the break room.,MODERATE,
2026-06-05,UNSAFE_CONDITION,Site Charlie,Site Echo,HSE,Contractor-Atlas Mechanical,Safety Officer,Waste segregation bins were not properly labeled at the site office.,LOW,
2026-04-05,UNSAFE_CONDITION,Site Bravo,Site Charlie,Logistics,Contractor-Delta Wellsite Services,Operator,"Minor vehicle scratch reported during routine parking maneuver, no injury.",MODERATE,
2026-04-13,NEAR_MISS,Site Charlie,Site Alpha,Operations,Contractor-Beacon Electrical Works,Foreman,Waste segregation bins were not properly labeled at the site office.,LOW,
2026-05-06,UNSAFE_ACT,Site Bravo,Site Echo,Pipeline Integrity,Contractor-Meridian Fabrication,Operator,Minor spill of lubricant was cleaned up promptly with no injury.,MODERATE,
2026-07-19,UNSAFE_CONDITION,Site Bravo,Site Alpha,Maintenance,Contractor-Atlas Mechanical,Operator,Standby attendant was absent during confined space entry at the separator.,LOW,confined_space
2026-05-22,UNSAFE_CONDITION,Site Foxtrot,Site Alpha,Drilling,Contractor-Northstar Industrial,Safety Officer,Trip hazard from a loose cable was reported and fixed same day.,LOW,
2026-06-01,UNSAFE_CONDITION,Site Charlie,Site Echo,Maintenance,Contractor-Atlas Mechanical,Engineer,Minor spill of lubricant was cleaned up promptly with no injury.,HIGH,
2026-07-27,UNSAFE_ACT,Site Alpha,Site Alpha,Operations,Contractor-Pinnacle Contractors,Engineer,Employee suggestion box was overflowing and needs regular clearing.,LOW,
2026-06-28,UNSAFE_ACT,Site Bravo,Site Echo,Drilling,Contractor-Meridian Fabrication,Technician,Signage for emergency assembly point was faded and needs replacement.,LOW,
2026-08-10,NEAR_MISS,Site Foxtrot,Site Foxtrot,Logistics,Contractor-Ironclad Scaffolding,Engineer,Noise levels in the compressor room exceeded comfort but PPE was in use.,MODERATE,
2026-04-17,UNSAFE_ACT,Site Delta,Site Charlie,Logistics,Contractor-Vantage Energy Services,Engineer,"Minor vehicle scratch reported during routine parking maneuver, no injury.",LOW,
2026-05-28,NEAR_MISS,Site Foxtrot,Site Bravo,Maintenance,Contractor-Pinnacle Contractors,Site Supervisor,Noise levels in the compressor room exceeded comfort but PPE was in use.,HIGH,
2026-02-27,NEAR_MISS,Site Bravo,Site Charlie,Logistics,Contractor-Orion Field Services,Technician,Employee suggestion box was overflowing and needs regular clearing.,LOW,
2026-03-12,UNSAFE_ACT,Site Alpha,Site Bravo,HSE,Contractor-Redline Maintenance Group,Technician,Trip hazard from a loose cable was reported and fixed same day.,LOW,
2026-08-24,UNSAFE_ACT,Site Bravo,Site Delta,Logistics,Contractor-Beacon Electrical Works,Technician,Temporary lighting was insufficient in the storage yard at night.,LOW,
2026-06-15,UNSAFE_ACT,Site Echo,Site Bravo,Drilling,Contractor-Redline Maintenance Group,Engineer,Housekeeping issue noted in the tool storage area.,LOW,
2026-07-08,UNSAFE_ACT,Site Foxtrot,Site Alpha,HSE,Contractor-Redline Maintenance Group,Site Supervisor,"Minor vehicle scratch reported during routine parking maneuver, no injury.",LOW,
2026-03-05,UNSAFE_CONDITION,Site Bravo,Site Alpha,Drilling,Contractor-Orion Field Services,Technician,Employee suggestion box was overflowing and needs regular clearing.,LOW,
2026-08-08,UNSAFE_CONDITION,Site Delta,Site Charlie,Operations,Contractor-Redline Maintenance Group,Site Supervisor,Worker crossed the vehicle movement zone without using the designated walkway.,HIGH,vehicle_pedestrian
2026-05-09,NEAR_MISS,Site Delta,Site Bravo,Logistics,Contractor-Coastal Logistics,Technician,Fire extinguisher inspection tag found expired in the break room.,LOW,
2026-08-22,UNSAFE_CONDITION,Site Echo,Site Alpha,HSE,Contractor-Delta Wellsite Services,Operator,Pedestrian and forklift nearly collided in a blind spot near the warehouse.,MODERATE,vehicle_pedestrian
2026-04-06,UNSAFE_ACT,Site Alpha,Site Foxtrot,Drilling,Contractor-Orion Field Services,Foreman,Noise levels in the compressor room exceeded comfort but PPE was in use.,MODERATE,
2026-07-06,NEAR_MISS,Site Alpha,Site Delta,Maintenance,Contractor-Meridian Fabrication,Site Supervisor,Standby attendant was absent during confined space entry at the separator.,HIGH,confined_space
2026-04-21,UNSAFE_CONDITION,Site Charlie,Site Charlie,Drilling,Contractor-Delta Wellsite Services,Foreman,Signage for emergency assembly point was faded and needs replacement.,LOW,
2026-06-13,UNSAFE_CONDITION,Site Bravo,Site Delta,HSE,Contractor-Pinnacle Contractors,Site Supervisor,Temporary lighting was insufficient in the storage yard at night.,LOW,
2026-05-05,UNSAFE_ACT,Site Bravo,Site Foxtrot,Logistics,Contractor-Atlas Mechanical,Site Supervisor,Waste segregation bins were not properly labeled at the site office.,LOW,
2026-08-23,NEAR_MISS,Site Foxtrot,Site Bravo,Pipeline Integrity,Contractor-Summit Rigging Co,Engineer,Water leakage from a faucet reported in the site canteen.,LOW,
2026-06-30,UNSAFE_ACT,Site Echo,Site Alpha,Logistics,Contractor-Meridian Fabrication,Operator,"Minor vehicle scratch reported during routine parking maneuver, no injury.",HIGH,
2026-08-11,UNSAFE_CONDITION,Site Bravo,Site Echo,Pipeline Integrity,Contractor-Ironclad Scaffolding,Foreman,Waste segregation bins were not properly labeled at the site office.,LOW,
2026-08-03,NEAR_MISS,Site Foxtrot,Site Echo,Drilling,Contractor-Beacon Electrical Works,Engineer,Fire extinguisher inspection tag found expired in the break room.,MODERATE,
2026-07-06,UNSAFE_CONDITION,Site Echo,Site Foxtrot,HSE,Contractor-Orion Field Services,Technician,Missing barricade at an open edge on the tank platform.,HIGH,working_at_height
2026-08-18,UNSAFE_CONDITION,Site Charlie,Site Bravo,Logistics,Contractor-Atlas Mechanical,Technician,Unsecured harness was noted during rooftop inspection.,LOW,working_at_height
2026-03-31,UNSAFE_ACT,Site Charlie,Site Bravo,Logistics,Contractor-Vantage Energy Services,Site Supervisor,"Minor vehicle scratch reported during routine parking maneuver, no injury.",MODERATE,
2026-03-19,UNSAFE_ACT,Site Charlie,Site Delta,Maintenance,Contractor-Meridian Fabrication,Foreman,First aid kit in the workshop was missing a few items.,LOW,
2026-08-02,NEAR_MISS,Site Foxtrot,Site Charlie,Logistics,Contractor-Pinnacle Contractors,Foreman,Electrical panel remained live during scheduled inspection.,LOW,electrical_isolation
2026-07-04,UNSAFE_CONDITION,Site Bravo,Site Bravo,Drilling,Contractor-Atlas Mechanical,Safety Officer,Minor spill of lubricant was cleaned up promptly with no injury.,LOW,
2026-06-23,UNSAFE_CONDITION,Site Charlie,Site Foxtrot,HSE,Contractor-Pinnacle Contractors,Operator,Employee suggestion box was overflowing and needs regular clearing.,LOW,
2026-06-09,UNSAFE_CONDITION,Site Echo,Site Charlie,Maintenance,Contractor-Coastal Logistics,Operator,Signage for emergency assembly point was faded and needs replacement.,LOW,
2026-05-24,UNSAFE_ACT,Site Delta,Site Alpha,Logistics,Contractor-Delta Wellsite Services,Site Supervisor,Trip hazard from a loose cable was reported and fixed same day.,MODERATE,
2026-06-16,UNSAFE_CONDITION,Site Alpha,Site Echo,HSE,Contractor-Summit Rigging Co,Foreman,Housekeeping issue noted in the tool storage area.,MODERATE,
2026-08-09,UNSAFE_ACT,Site Delta,Site Charlie,HSE,Contractor-Pinnacle Contractors,Operator,Signage for emergency assembly point was faded and needs replacement.,MODERATE,
2026-04-03,NEAR_MISS,Site Alpha,Site Foxtrot,HSE,Contractor-Pinnacle Contractors,Safety Officer,Water leakage from a faucet reported in the site canteen.,LOW,
2026-07-31,NEAR_MISS,Site Alpha,Site Foxtrot,HSE,Contractor-Delta Wellsite Services,Engineer,Trip hazard from a loose cable was reported and fixed same day.,LOW,
2026-04-07,UNSAFE_CONDITION,Site Bravo,Site Foxtrot,Logistics,Contractor-Meridian Fabrication,Foreman,First aid kit in the workshop was missing a few items.,HIGH,
2026-05-07,UNSAFE_ACT,Site Bravo,Site Alpha,Logistics,Contractor-Northstar Industrial,Engineer,Technician entered energized pump area before electrical isolation was verified.,LOW,electrical_isolation
2026-08-21,NEAR_MISS,Site Bravo,Site Charlie,Maintenance,Contractor-Atlas Mechanical,Site Supervisor,Water leakage from a faucet reported in the site canteen.,LOW,
2026-03-11,NEAR_MISS,Site Charlie,Site Foxtrot,Logistics,Contractor-Vantage Energy Services,Site Supervisor,Water leakage from a faucet reported in the site canteen.,HIGH,
2026-05-22,NEAR_MISS,Site Alpha,Site Alpha,Operations,Contractor-Ironclad Scaffolding,Site Supervisor,"Minor vehicle scratch reported during routine parking maneuver, no injury.",HIGH,
2026-08-17,NEAR_MISS,Site Echo,Site Echo,Logistics,Contractor-Pinnacle Contractors,Foreman,Trip hazard from a loose cable was reported and fixed same day.,LOW,
2026-04-04,NEAR_MISS,Site Echo,Site Charlie,Operations,Contractor-Pinnacle Contractors,Foreman,Fire extinguisher inspection tag found expired in the break room.,LOW,
2026-03-31,NEAR_MISS,Site Foxtrot,Site Charlie,Operations,Contractor-Atlas Mechanical,Site Supervisor,Noise levels in the compressor room exceeded comfort but PPE was in use.,HIGH,
2026-04-11,UNSAFE_ACT,Site Echo,Site Foxtrot,Operations,Contractor-Coastal Logistics,Foreman,Water leakage from a faucet reported in the site canteen.,LOW,
2026-06-23,UNSAFE_ACT,Site Delta,Site Alpha,HSE,Contractor-Coastal Logistics,Safety Officer,Housekeeping issue noted in the tool storage area.,HIGH,
2026-04-30,UNSAFE_ACT,Site Alpha,Site Delta,Operations,Contractor-Atlas Mechanical,Technician,Signage for emergency assembly point was faded and needs replacement.,LOW,
2026-08-13,UNSAFE_CONDITION,Site Bravo,Site Bravo,Logistics,Contractor-Orion Field Services,Technician,Minor spill of lubricant was cleaned up promptly with no injury.,HIGH,
2026-08-08,NEAR_MISS,Site Charlie,Site Delta,HSE,Contractor-Ironclad Scaffolding,Technician,Pedestrian and forklift nearly collided in a blind spot near the warehouse.,LOW,vehicle_pedestrian
2026-06-26,UNSAFE_CONDITION,Site Alpha,Site Charlie,Logistics,Contractor-Coastal Logistics,Safety Officer,Fire extinguisher inspection tag found expired in the break room.,MODERATE,
2026-07-21,UNSAFE_CONDITION,Site Bravo,Site Foxtrot,HSE,Contractor-Meridian Fabrication,Technician,First aid kit in the workshop was missing a few items.,HIGH,
2026-08-07,UNSAFE_CONDITION,Site Bravo,Site Foxtrot,Pipeline Integrity,Contractor-Northstar Industrial,Engineer,Fire extinguisher inspection tag found expired in the break room.,MODERATE,
2026-08-13,UNSAFE_ACT,Site Charlie,Site Delta,Logistics,Contractor-Pinnacle Contractors,Engineer,Noise levels in the compressor room exceeded comfort but PPE was in use.,MODERATE,
2026-03-07,UNSAFE_ACT,Site Echo,Site Delta,Operations,Contractor-Ironclad Scaffolding,Safety Officer,Temporary lighting was insufficient in the storage yard at night.,HIGH,
2026-03-13,UNSAFE_CONDITION,Site Foxtrot,Site Bravo,Maintenance,Contractor-Redline Maintenance Group,Safety Officer,Waste segregation bins were not properly labeled at the site office.,MODERATE,
2026-07-03,UNSAFE_CONDITION,Site Foxtrot,Site Charlie,Drilling,Contractor-Beacon Electrical Works,Safety Officer,Trip hazard from a loose cable was reported and fixed same day.,MODERATE,
2026-07-28,UNSAFE_ACT,Site Delta,Site Foxtrot,Logistics,Contractor-Northstar Industrial,Foreman,Trip hazard from a loose cable was reported and fixed same day.,LOW,
2026-06-26,UNSAFE_CONDITION,Site Echo,Site Charlie,HSE,Contractor-Ironclad Scaffolding,Site Supervisor,Temporary lighting was insufficient in the storage yard at night.,HIGH,
2026-06-26,UNSAFE_ACT,Site Bravo,Site Bravo,Operations,Contractor-Vantage Energy Services,Technician,Fall protection was not used while inspecting the flare stack platform.,LOW,working_at_height
2026-06-09,UNSAFE_ACT,Site Bravo,Site Bravo,HSE,Contractor-Northstar Industrial,Engineer,Noise levels in the compressor room exceeded comfort but PPE was in use.,MODERATE,
2026-06-14,NEAR_MISS,Site Alpha,Site Foxtrot,Drilling,Contractor-Orion Field Services,Foreman,Water leakage from a faucet reported in the site canteen.,HIGH,
2026-06-26,UNSAFE_CONDITION,Site Delta,Site Alpha,Operations,Contractor-Redline Maintenance Group,Safety Officer,"Minor vehicle scratch reported during routine parking maneuver, no injury.",LOW,
2026-06-27,UNSAFE_ACT,Site Charlie,Site Charlie,Operations,Contractor-Vantage Energy Services,Engineer,Waste segregation bins were not properly labeled at the site office.,LOW,
2026-03-28,UNSAFE_ACT,Site Bravo,Site Charlie,Operations,Contractor-Coastal Logistics,Technician,Signage for emergency assembly point was faded and needs replacement.,MODERATE,
2026-04-13,UNSAFE_CONDITION,Site Delta,Site Echo,Maintenance,Contractor-Meridian Fabrication,Safety Officer,Waste segregation bins were not properly labeled at the site office.,HIGH,
2026-03-03,UNSAFE_CONDITION,Site Echo,Site Foxtrot,Drilling,Contractor-Vantage Energy Services,Operator,Housekeeping issue noted in the tool storage area.,MODERATE,
2026-05-22,NEAR_MISS,Site Foxtrot,Site Delta,Logistics,Contractor-Northstar Industrial,Safety Officer,Housekeeping issue noted in the tool storage area.,MODERATE,
2026-06-20,UNSAFE_ACT,Site Echo,Site Foxtrot,Logistics,Contractor-Delta Wellsite Services,Foreman,Housekeeping issue noted in the tool storage area.,HIGH,
2026-04-01,UNSAFE_CONDITION,Site Alpha,Site Echo,Logistics,Contractor-Ironclad Scaffolding,Safety Officer,Employee suggestion box was overflowing and needs regular clearing.,HIGH,
2026-08-24,UNSAFE_CONDITION,Site Charlie,Site Bravo,Operations,Contractor-Coastal Logistics,Site Supervisor,Minor spill of lubricant was cleaned up promptly with no injury.,MODERATE,
2026-06-11,UNSAFE_CONDITION,Site Bravo,Site Delta,HSE,Contractor-Beacon Electrical Works,Engineer,Worker was seen without fall protection while cleaning the tank roof.,HIGH,working_at_height
2026-03-25,NEAR_MISS,Site Charlie,Site Echo,Pipeline Integrity,Contractor-Beacon Electrical Works,Foreman,Temporary lighting was insufficient in the storage yard at night.,HIGH,
2026-08-25,NEAR_MISS,Site Delta,Site Foxtrot,HSE,Contractor-Atlas Mechanical,Technician,Noise levels in the compressor room exceeded comfort but PPE was in use.,LOW,
2026-04-07,UNSAFE_CONDITION,Site Delta,Site Foxtrot,Operations,Contractor-Orion Field Services,Engineer,Housekeeping issue noted in the tool storage area.,HIGH,
2026-03-20,UNSAFE_CONDITION,Site Bravo,Site Foxtrot,Operations,Contractor-Vantage Energy Services,Foreman,Employee suggestion box was overflowing and needs regular clearing.,HIGH,
2026-03-15,NEAR_MISS,Site Alpha,Site Delta,Operations,Contractor-Summit Rigging Co,Engineer,Signage for emergency assembly point was faded and needs replacement.,LOW,
2026-06-09,UNSAFE_ACT,Site Alpha,Site Bravo,Pipeline Integrity,Contractor-Pinnacle Contractors,Foreman,Signage for emergency assembly point was faded and needs replacement.,MODERATE,
2026-03-21,UNSAFE_CONDITION,Site Charlie,Site Delta,Operations,Contractor-Redline Maintenance Group,Engineer,Fire extinguisher inspection tag found expired in the break room.,MODERATE,
2026-06-13,NEAR_MISS,Site Foxtrot,Site Alpha,Pipeline Integrity,Contractor-Beacon Electrical Works,Operator,Employee suggestion box was overflowing and needs regular clearing.,HIGH,
2026-03-18,UNSAFE_CONDITION,Site Bravo,Site Delta,Maintenance,Contractor-Ironclad Scaffolding,Operator,Noise levels in the compressor room exceeded comfort but PPE was in use.,HIGH,
2026-04-04,UNSAFE_ACT,Site Foxtrot,Site Charlie,HSE,Contractor-Northstar Industrial,Site Supervisor,First aid kit in the workshop was missing a few items.,MODERATE,
2026-08-24,NEAR_MISS,Site Charlie,Site Foxtrot,Logistics,Contractor-Coastal Logistics,Site Supervisor,Electrical isolation point was not physically verified with a multimeter.,LOW,electrical_isolation
2026-03-15,UNSAFE_CONDITION,Site Charlie,Site Alpha,Pipeline Integrity,Contractor-Vantage Energy Services,Safety Officer,Employee suggestion box was overflowing and needs regular clearing.,LOW,
2026-05-12,UNSAFE_CONDITION,Site Alpha,Site Alpha,Drilling,Contractor-Pinnacle Contractors,Safety Officer,Housekeeping issue noted in the tool storage area.,LOW,
2026-04-03,NEAR_MISS,Site Charlie,Site Delta,Drilling,Contractor-Meridian Fabrication,Technician,Noise levels in the compressor room exceeded comfort but PPE was in use.,MODERATE,
2026-04-30,NEAR_MISS,Site Bravo,Site Foxtrot,Drilling,Contractor-Atlas Mechanical,Site Supervisor,Fire extinguisher inspection tag found expired in the break room.,MODERATE,
2026-06-05,NEAR_MISS,Site Charlie,Site Delta,Operations,Contractor-Summit Rigging Co,Foreman,Noise levels in the compressor room exceeded comfort but PPE was in use.,HIGH,
2026-04-24,UNSAFE_CONDITION,Site Charlie,Site Echo,HSE,Contractor-Redline Maintenance Group,Foreman,Signage for emergency assembly point was faded and needs replacement.,LOW,
2026-04-27,UNSAFE_ACT,Site Alpha,Site Echo,Maintenance,Contractor-Vantage Energy Services,Safety Officer,Fire extinguisher inspection tag found expired in the break room.,LOW,
2026-05-26,UNSAFE_ACT,Site Charlie,Site Charlie,Logistics,Contractor-Pinnacle Contractors,Technician,Temporary lighting was insufficient in the storage yard at night.,HIGH,
2026-05-20,NEAR_MISS,Site Charlie,Site Foxtrot,Pipeline Integrity,Contractor-Beacon Electrical Works,Site Supervisor,Temporary lighting was insufficient in the storage yard at night.,MODERATE,
2026-03-06,UNSAFE_CONDITION,Site Foxtrot,Site Foxtrot,Pipeline Integrity,Contractor-Northstar Industrial,Site Supervisor,Noise levels in the compressor room exceeded comfort but PPE was in use.,LOW,
2026-05-13,UNSAFE_ACT,Site Bravo,Site Echo,Drilling,Contractor-Pinnacle Contractors,Engineer,Minor spill of lubricant was cleaned up promptly with no injury.,LOW,
2026-07-01,NEAR_MISS,Site Alpha,Site Alpha,Pipeline Integrity,Contractor-Summit Rigging Co,Engineer,Employee suggestion box was overflowing and needs regular clearing.,LOW,
2026-06-30,NEAR_MISS,Site Foxtrot,Site Bravo,Operations,Contractor-Northstar Industrial,Site Supervisor,Trip hazard from a loose cable was reported and fixed same day.,MODERATE,
2026-03-13,UNSAFE_CONDITION,Site Charlie,Site Delta,Pipeline Integrity,Contractor-Beacon Electrical Works,Operator,Temporary lighting was insufficient in the storage yard at night.,LOW,
2026-06-24,NEAR_MISS,Site Echo,Site Delta,HSE,Contractor-Vantage Energy Services,Foreman,Minor spill of lubricant was cleaned up promptly with no injury.,MODERATE,
2026-07-30,UNSAFE_ACT,Site Alpha,Site Bravo,Pipeline Integrity,Contractor-Ironclad Scaffolding,Foreman,First aid kit in the workshop was missing a few items.,HIGH,
2026-06-26,UNSAFE_CONDITION,Site Alpha,Site Charlie,Operations,Contractor-Vantage Energy Services,Safety Officer,Noise levels in the compressor room exceeded comfort but PPE was in use.,LOW,
2026-07-18,UNSAFE_ACT,Site Alpha,Site Echo,HSE,Contractor-Redline Maintenance Group,Engineer,Trip hazard from a loose cable was reported and fixed same day.,MODERATE,
2026-05-11,UNSAFE_ACT,Site Alpha,Site Delta,HSE,Contractor-Delta Wellsite Services,Technician,Minor spill of lubricant was cleaned up promptly with no injury.,MODERATE,
2026-03-15,UNSAFE_CONDITION,Site Echo,Site Echo,Maintenance,Contractor-Coastal Logistics,Technician,Trip hazard from a loose cable was reported and fixed same day.,HIGH,
2026-06-16,UNSAFE_CONDITION,Site Charlie,Site Charlie,Pipeline Integrity,Contractor-Meridian Fabrication,Site Supervisor,Signage for emergency assembly point was faded and needs replacement.,MODERATE,
2026-06-30,UNSAFE_CONDITION,Site Foxtrot,Site Echo,Pipeline Integrity,Contractor-Vantage Energy Services,Foreman,Missing barricade at an open edge on the tank platform.,LOW,working_at_height
2026-04-09,UNSAFE_CONDITION,Site Echo,Site Charlie,Drilling,Contractor-Meridian Fabrication,Engineer,Signage for emergency assembly point was faded and needs replacement.,MODERATE,
2026-04-16,UNSAFE_CONDITION,Site Echo,Site Echo,Drilling,Contractor-Redline Maintenance Group,Operator,Housekeeping issue noted in the tool storage area.,MODERATE,
2026-06-23,NEAR_MISS,Site Charlie,Site Delta,HSE,Contractor-Meridian Fabrication,Site Supervisor,Signage for emergency assembly point was faded and needs replacement.,HIGH,
2026-07-22,UNSAFE_ACT,Site Charlie,Site Bravo,Drilling,Contractor-Meridian Fabrication,Safety Officer,Work was carried out without permit verification by the shift supervisor.,LOW,permit_to_work
2026-04-02,UNSAFE_ACT,Site Charlie,Site Bravo,Drilling,Contractor-Orion Field Services,Operator,First aid kit in the workshop was missing a few items.,MODERATE,
2026-04-09,UNSAFE_CONDITION,Site Delta,Site Echo,Logistics,Contractor-Summit Rigging Co,Operator,Expired permit was used to authorize work on the process unit.,HIGH,permit_to_work
2026-03-14,UNSAFE_CONDITION,Site Bravo,Site Bravo,Operations,Contractor-Meridian Fabrication,Safety Officer,"Minor vehicle scratch reported during routine parking maneuver, no injury.",HIGH,
2026-08-03,NEAR_MISS,Site Bravo,Site Delta,HSE,Contractor-Pinnacle Contractors,Foreman,Housekeeping issue noted in the tool storage area.,LOW,
2026-02-27,UNSAFE_ACT,Site Delta,Site Foxtrot,Maintenance,Contractor-Redline Maintenance Group,Technician,Employee suggestion box was overflowing and needs regular clearing.,LOW,
2026-06-18,UNSAFE_ACT,Site Charlie,Site Foxtrot,Drilling,Contractor-Meridian Fabrication,Technician,Signage for emergency assembly point was faded and needs replacement.,HIGH,
2026-07-27,NEAR_MISS,Site Bravo,Site Foxtrot,Logistics,Contractor-Ironclad Scaffolding,Technician,Waste segregation bins were not properly labeled at the site office.,HIGH,
2026-08-02,NEAR_MISS,Site Delta,Site Echo,Maintenance,Contractor-Northstar Industrial,Technician,Isolation tag was removed before work was actually complete.,HIGH,electrical_isolation
2026-04-26,UNSAFE_ACT,Site Charlie,Site Charlie,HSE,Contractor-Northstar Industrial,Operator,First aid kit in the workshop was missing a few items.,HIGH,
2026-03-06,UNSAFE_ACT,Site Bravo,Site Echo,HSE,Contractor-Beacon Electrical Works,Operator,Water leakage from a faucet reported in the site canteen.,HIGH,
2026-04-26,UNSAFE_CONDITION,Site Bravo,Site Bravo,HSE,Contractor-Vantage Energy Services,Technician,Temporary lighting was insufficient in the storage yard at night.,HIGH,
2026-06-14,UNSAFE_ACT,Site Alpha,Site Delta,Operations,Contractor-Coastal Logistics,Site Supervisor,Housekeeping issue noted in the tool storage area.,MODERATE,
2026-05-31,UNSAFE_ACT,Site Foxtrot,Site Bravo,Pipeline Integrity,Contractor-Meridian Fabrication,Foreman,Missing barricade at an open edge on the tank platform.,HIGH,working_at_height
2026-08-02,UNSAFE_CONDITION,Site Foxtrot,Site Bravo,Logistics,Contractor-Delta Wellsite Services,Technician,Housekeeping issue noted in the tool storage area.,HIGH,
2026-05-13,NEAR_MISS,Site Alpha,Site Echo,Maintenance,Contractor-Delta Wellsite Services,Safety Officer,Fire extinguisher inspection tag found expired in the break room.,MODERATE,
2026-06-27,NEAR_MISS,Site Alpha,Site Charlie,Maintenance,Contractor-Redline Maintenance Group,Operator,Signage for emergency assembly point was faded and needs replacement.,LOW,
2026-06-27,NEAR_MISS,Site Delta,Site Foxtrot,Drilling,Contractor-Ironclad Scaffolding,Engineer,Minor spill of lubricant was cleaned up promptly with no injury.,LOW,
2026-03-30,NEAR_MISS,Site Alpha,Site Bravo,HSE,Contractor-Meridian Fabrication,Operator,Fire extinguisher inspection tag found expired in the break room.,HIGH,
2026-04-29,NEAR_MISS,Site Charlie,Site Foxtrot,Maintenance,Contractor-Beacon Electrical Works,Safety Officer,"Minor vehicle scratch reported during routine parking maneuver, no injury.",LOW,
2026-05-24,UNSAFE_CONDITION,Site Bravo,Site Echo,HSE,Contractor-Atlas Mechanical,Site Supervisor,Fire extinguisher inspection tag found expired in the break room.,MODERATE,
2026-07-29,UNSAFE_CONDITION,Site Echo,Site Charlie,Maintenance,Contractor-Atlas Mechanical,Foreman,Signage for emergency assembly point was faded and needs replacement.,LOW,
2026-03-28,UNSAFE_ACT,Site Foxtrot,Site Delta,Maintenance,Contractor-Atlas Mechanical,Site Supervisor,Signage for emergency assembly point was faded and needs replacement.,HIGH,
2026-04-06,UNSAFE_CONDITION,Site Charlie,Site Bravo,Drilling,Contractor-Redline Maintenance Group,Engineer,Water leakage from a faucet reported in the site canteen.,LOW,
2026-06-18,NEAR_MISS,Site Delta,Site Echo,HSE,Contractor-Northstar Industrial,Site Supervisor,Noise levels in the compressor room exceeded comfort but PPE was in use.,MODERATE,
2026-08-04,UNSAFE_CONDITION,Site Delta,Site Foxtrot,Drilling,Contractor-Coastal Logistics,Technician,Fire extinguisher inspection tag found expired in the break room.,HIGH,
2026-05-27,UNSAFE_ACT,Site Alpha,Site Bravo,Logistics,Contractor-Atlas Mechanical,Safety Officer,Water leakage from a faucet reported in the site canteen.,MODERATE,
2026-06-09,UNSAFE_CONDITION,Site Delta,Site Delta,Drilling,Contractor-Coastal Logistics,Operator,Expired permit was used to authorize work on the process unit.,MODERATE,permit_to_work
2026-08-08,UNSAFE_ACT,Site Delta,Site Echo,Pipeline Integrity,Contractor-Delta Wellsite Services,Safety Officer,Employee suggestion box was overflowing and needs regular clearing.,MODERATE,
2026-07-13,UNSAFE_CONDITION,Site Alpha,Site Alpha,Pipeline Integrity,Contractor-Ironclad Scaffolding,Technician,Work was carried out without permit verification by the shift supervisor.,HIGH,permit_to_work
2026-04-14,UNSAFE_ACT,Site Alpha,Site Delta,Operations,Contractor-Vantage Energy Services,Engineer,Minor spill of lubricant was cleaned up promptly with no injury.,LOW,
2026-05-12,UNSAFE_ACT,Site Echo,Site Bravo,HSE,Contractor-Meridian Fabrication,Technician,Noise levels in the compressor room exceeded comfort but PPE was in use.,MODERATE,
2026-04-10,UNSAFE_ACT,Site Charlie,Site Foxtrot,Drilling,Contractor-Atlas Mechanical,Foreman,Water leakage from a faucet reported in the site canteen.,MODERATE,
2026-03-15,UNSAFE_CONDITION,Site Foxtrot,Site Alpha,Drilling,Contractor-Delta Wellsite Services,Operator,Employee suggestion box was overflowing and needs regular clearing.,HIGH,
2026-08-25,NEAR_MISS,Site Echo,Site Delta,HSE,Contractor-Meridian Fabrication,Technician,Waste segregation bins were not properly labeled at the site office.,HIGH,
2026-07-08,UNSAFE_ACT,Site Charlie,Site Delta,HSE,Contractor-Coastal Logistics,Foreman,"Minor vehicle scratch reported during routine parking maneuver, no injury.",LOW,
2026-07-28,UNSAFE_ACT,Site Echo,Site Bravo,Operations,Contractor-Pinnacle Contractors,Operator,Isolation tag was removed before work was actually complete.,HIGH,electrical_isolation
2026-03-04,UNSAFE_CONDITION,Site Delta,Site Alpha,Pipeline Integrity,Contractor-Atlas Mechanical,Foreman,Minor spill of lubricant was cleaned up promptly with no injury.,HIGH,
2026-06-01,UNSAFE_CONDITION,Site Alpha,Site Charlie,Operations,Contractor-Orion Field Services,Engineer,Employee suggestion box was overflowing and needs regular clearing.,LOW,
2026-03-15,UNSAFE_CONDITION,Site Delta,Site Foxtrot,Logistics,Contractor-Coastal Logistics,Operator,Fire extinguisher inspection tag found expired in the break room.,LOW,
2026-06-28,NEAR_MISS,Site Alpha,Site Echo,Pipeline Integrity,Contractor-Meridian Fabrication,Foreman,Water leakage from a faucet reported in the site canteen.,HIGH,
2026-07-21,NEAR_MISS,Site Alpha,Site Bravo,Pipeline Integrity,Contractor-Summit Rigging Co,Foreman,Minor spill of lubricant was cleaned up promptly with no injury.,HIGH,
2026-03-10,NEAR_MISS,Site Bravo,Site Charlie,Maintenance,Contractor-Ironclad Scaffolding,Site Supervisor,Fire extinguisher inspection tag found expired in the break room.,HIGH,
2026-02-27,NEAR_MISS,Site Echo,Site Charlie,HSE,Contractor-Delta Wellsite Services,Safety Officer,Water leakage from a faucet reported in the site canteen.,HIGH,
2026-06-20,UNSAFE_ACT,Site Charlie,Site Bravo,HSE,Contractor-Atlas Mechanical,Engineer,Employee suggestion box was overflowing and needs regular clearing.,LOW,
2026-04-24,UNSAFE_ACT,Site Charlie,Site Delta,HSE,Contractor-Ironclad Scaffolding,Foreman,Water leakage from a faucet reported in the site canteen.,LOW,
2026-06-02,NEAR_MISS,Site Bravo,Site Bravo,Drilling,Contractor-Redline Maintenance Group,Site Supervisor,Minor spill of lubricant was cleaned up promptly with no injury.,MODERATE,
2026-08-24,NEAR_MISS,Site Bravo,Site Echo,Logistics,Contractor-Vantage Energy Services,Foreman,Isolation certificate was missing when crew started work on the motor.,LOW,electrical_isolation
2026-04-22,NEAR_MISS,Site Foxtrot,Site Foxtrot,Pipeline Integrity,Contractor-Ironclad Scaffolding,Site Supervisor,First aid kit in the workshop was missing a few items.,HIGH,
2026-07-28,NEAR_MISS,Site Foxtrot,Site Delta,Operations,Contractor-Northstar Industrial,Foreman,Housekeeping issue noted in the tool storage area.,LOW,
2026-06-17,NEAR_MISS,Site Echo,Site Alpha,Logistics,Contractor-Summit Rigging Co,Operator,Worker accessed switchgear room without confirming lockout status.,LOW,electrical_isolation
2026-08-24,UNSAFE_ACT,Site Bravo,Site Echo,HSE,Contractor-Beacon Electrical Works,Technician,Noise levels in the compressor room exceeded comfort but PPE was in use.,LOW,
2026-06-28,UNSAFE_ACT,Site Foxtrot,Site Echo,Pipeline Integrity,Contractor-Atlas Mechanical,Technician,Minor spill of lubricant was cleaned up promptly with no injury.,LOW,
2026-08-06,NEAR_MISS,Site Foxtrot,Site Bravo,Drilling,Contractor-Delta Wellsite Services,Technician,Truck reversed into a restricted pedestrian zone without a signal.,HIGH,vehicle_pedestrian
2026-04-08,UNSAFE_CONDITION,Site Echo,Site Delta,Operations,Contractor-Orion Field Services,Operator,Temporary lighting was insufficient in the storage yard at night.,MODERATE,
2026-04-21,UNSAFE_ACT,Site Bravo,Site Bravo,HSE,Contractor-Redline Maintenance Group,Technician,Missing barricade at an open edge on the tank platform.,LOW,working_at_height
2026-07-26,UNSAFE_CONDITION,Site Charlie,Site Echo,Pipeline Integrity,Contractor-Pinnacle Contractors,Safety Officer,Technician climbed to elevated work area without anchor point confirmed.,LOW,working_at_height
2026-07-30,UNSAFE_ACT,Site Echo,Site Foxtrot,HSE,Contractor-Beacon Electrical Works,Engineer,Trip hazard from a loose cable was reported and fixed same day.,LOW,
2026-08-11,UNSAFE_CONDITION,Site Charlie,Site Delta,Pipeline Integrity,Contractor-Northstar Industrial,Site Supervisor,Housekeeping issue noted in the tool storage area.,HIGH,
2026-06-30,UNSAFE_CONDITION,Site Alpha,Site Echo,Maintenance,Contractor-Redline Maintenance Group,Operator,First aid kit in the workshop was missing a few items.,MODERATE,
2026-05-03,UNSAFE_ACT,Site Echo,Site Charlie,HSE,Contractor-Ironclad Scaffolding,Site Supervisor,Employee suggestion box was overflowing and needs regular clearing.,LOW,
2026-08-14,NEAR_MISS,Site Echo,Site Charlie,HSE,Contractor-Orion Field Services,Foreman,Housekeeping issue noted in the tool storage area.,MODERATE,
2026-06-22,UNSAFE_ACT,Site Foxtrot,Site Echo,Drilling,Contractor-Meridian Fabrication,Engineer,Housekeeping issue noted in the tool storage area.,MODERATE,
2026-03-15,NEAR_MISS,Site Charlie,Site Bravo,Operations,Contractor-Northstar Industrial,Site Supervisor,Waste segregation bins were not properly labeled at the site office.,LOW,
2026-03-14,UNSAFE_CONDITION,Site Foxtrot,Site Delta,Logistics,Contractor-Coastal Logistics,Engineer,Water leakage from a faucet reported in the site canteen.,HIGH,
2026-05-06,UNSAFE_CONDITION,Site Foxtrot,Site Foxtrot,Pipeline Integrity,Contractor-Redline Maintenance Group,Technician,Water leakage from a faucet reported in the site canteen.,MODERATE,
2026-07-08,NEAR_MISS,Site Delta,Site Charlie,HSE,Contractor-Vantage Energy Services,Site Supervisor,"Minor vehicle scratch reported during routine parking maneuver, no injury.",MODERATE,
2026-06-03,UNSAFE_CONDITION,Site Charlie,Site Delta,Drilling,Contractor-Northstar Industrial,Foreman,Signage for emergency assembly point was faded and needs replacement.,LOW,
2026-08-04,UNSAFE_CONDITION,Site Bravo,Site Delta,HSE,Contractor-Pinnacle Contractors,Site Supervisor,Housekeeping issue noted in the tool storage area.,HIGH,
2026-04-29,NEAR_MISS,Site Foxtrot,Site Bravo,HSE,Contractor-Pinnacle Contractors,Foreman,Trip hazard from a loose cable was reported and fixed same day.,LOW,
2026-06-28,UNSAFE_CONDITION,Site Delta,Site Delta,Pipeline Integrity,Contractor-Summit Rigging Co,Site Supervisor,Permit-to-work was not verified before excavation started near the pipeline.,LOW,permit_to_work
2026-07-12,NEAR_MISS,Site Bravo,Site Delta,Drilling,Contractor-Meridian Fabrication,Site Supervisor,Temporary lighting was insufficient in the storage yard at night.,MODERATE,
2026-08-05,NEAR_MISS,Site Foxtrot,Site Charlie,Maintenance,Contractor-Northstar Industrial,Operator,Employee suggestion box was overflowing and needs regular clearing.,LOW,
2026-07-26,NEAR_MISS,Site Bravo,Site Delta,Drilling,Contractor-Redline Maintenance Group,Technician,Employee suggestion box was overflowing and needs regular clearing.,MODERATE,
2026-06-26,UNSAFE_ACT,Site Echo,Site Foxtrot,Pipeline Integrity,Contractor-Ironclad Scaffolding,Operator,Waste segregation bins were not properly labeled at the site office.,MODERATE,
2026-06-09,UNSAFE_CONDITION,Site Echo,Site Echo,Drilling,Contractor-Northstar Industrial,Engineer,Temporary lighting was insufficient in the storage yard at night.,MODERATE,
2026-06-03,UNSAFE_CONDITION,Site Alpha,Site Charlie,Pipeline Integrity,Contractor-Beacon Electrical Works,Technician,Water leakage from a faucet reported in the site canteen.,HIGH,
2026-06-23,UNSAFE_CONDITION,Site Delta,Site Echo,Operations,Contractor-Coastal Logistics,Site Supervisor,Signage for emergency assembly point was faded and needs replacement.,HIGH,
2026-08-16,NEAR_MISS,Site Alpha,Site Charlie,Maintenance,Contractor-Atlas Mechanical,Safety Officer,Truck reversed into a restricted pedestrian zone without a signal.,MODERATE,vehicle_pedestrian
2026-07-08,UNSAFE_CONDITION,Site Echo,Site Delta,Drilling,Contractor-Vantage Energy Services,Technician,Energized cable was handled without confirming de-energization.,HIGH,electrical_isolation
2026-02-27,NEAR_MISS,Site Delta,Site Foxtrot,Drilling,Contractor-Redline Maintenance Group,Operator,Trip hazard from a loose cable was reported and fixed same day.,MODERATE,
2026-07-30,UNSAFE_CONDITION,Site Delta,Site Bravo,Maintenance,Contractor-Northstar Industrial,Engineer,Technician bypassed LOTO procedure to save time during shift changeover.,MODERATE,electrical_isolation
2026-04-02,UNSAFE_ACT,Site Delta,Site Echo,Maintenance,Contractor-Atlas Mechanical,Safety Officer,Ladder used for elevated work was damaged and not tagged out of service.,LOW,working_at_height
2026-05-20,UNSAFE_CONDITION,Site Echo,Site Foxtrot,Drilling,Contractor-Atlas Mechanical,Safety Officer,First aid kit in the workshop was missing a few items.,MODERATE,
2026-07-29,UNSAFE_CONDITION,Site Charlie,Site Delta,HSE,Contractor-Delta Wellsite Services,Foreman,Water leakage from a faucet reported in the site canteen.,MODERATE,
2026-03-26,NEAR_MISS,Site Bravo,Site Delta,Maintenance,Contractor-Meridian Fabrication,Safety Officer,Waste segregation bins were not properly labeled at the site office.,LOW,
2026-04-19,UNSAFE_CONDITION,Site Delta,Site Echo,Logistics,Contractor-Summit Rigging Co,Technician,Employee suggestion box was overflowing and needs regular clearing.,LOW,
2026-03-03,UNSAFE_ACT,Site Echo,Site Bravo,Pipeline Integrity,Contractor-Meridian Fabrication,Site Supervisor,Water leakage from a faucet reported in the site canteen.,HIGH,
2026-03-27,UNSAFE_ACT,Site Foxtrot,Site Bravo,Drilling,Contractor-Northstar Industrial,Site Supervisor,Water leakage from a faucet reported in the site canteen.,MODERATE,
2026-08-24,NEAR_MISS,Site Alpha,Site Bravo,HSE,Contractor-Pinnacle Contractors,Site Supervisor,"Minor vehicle scratch reported during routine parking maneuver, no injury.",HIGH,
2026-04-26,UNSAFE_CONDITION,Site Charlie,Site Alpha,Drilling,Contractor-Atlas Mechanical,Safety Officer,Minor spill of lubricant was cleaned up promptly with no injury.,MODERATE,
2026-07-21,UNSAFE_CONDITION,Site Echo,Site Charlie,Operations,Contractor-Beacon Electrical Works,Foreman,"Minor vehicle scratch reported during routine parking maneuver, no injury.",HIGH,
2026-03-05,UNSAFE_ACT,Site Bravo,Site Delta,Maintenance,Contractor-Atlas Mechanical,Engineer,"Minor vehicle scratch reported during routine parking maneuver, no injury.",LOW,
2026-05-06,UNSAFE_ACT,Site Foxtrot,Site Charlie,Pipeline Integrity,Contractor-Coastal Logistics,Foreman,Scaffold inspection tag was expired but crew worked on it anyway.,LOW,working_at_height
2026-06-08,NEAR_MISS,Site Foxtrot,Site Foxtrot,Drilling,Contractor-Beacon Electrical Works,Operator,Water leakage from a faucet reported in the site canteen.,MODERATE,
2026-03-03,UNSAFE_ACT,Site Delta,Site Foxtrot,Pipeline Integrity,Contractor-Northstar Industrial,Technician,Trip hazard from a loose cable was reported and fixed same day.,MODERATE,
2026-04-30,UNSAFE_ACT,Site Foxtrot,Site Charlie,Maintenance,Contractor-Beacon Electrical Works,Technician,Signage for emergency assembly point was faded and needs replacement.,HIGH,
2026-08-19,UNSAFE_CONDITION,Site Echo,Site Bravo,Operations,Contractor-Summit Rigging Co,Operator,"Minor vehicle scratch reported during routine parking maneuver, no injury.",HIGH,
2026-06-21,UNSAFE_ACT,Site Foxtrot,Site Alpha,Maintenance,Contractor-Beacon Electrical Works,Operator,Noise levels in the compressor room exceeded comfort but PPE was in use.,HIGH,
2026-03-08,NEAR_MISS,Site Delta,Site Foxtrot,HSE,Contractor-Delta Wellsite Services,Safety Officer,Water leakage from a faucet reported in the site canteen.,MODERATE,
2026-07-31,UNSAFE_CONDITION,Site Foxtrot,Site Bravo,Pipeline Integrity,Contractor-Atlas Mechanical,Safety Officer,Employee suggestion box was overflowing and needs regular clearing.,MODERATE,
2026-06-22,NEAR_MISS,Site Foxtrot,Site Foxtrot,Maintenance,Contractor-Orion Field Services,Site Supervisor,Temporary lighting was insufficient in the storage yard at night.,MODERATE,
2026-08-11,NEAR_MISS,Site Foxtrot,Site Bravo,Logistics,Contractor-Pinnacle Contractors,Technician,Housekeeping issue noted in the tool storage area.,HIGH,
2026-03-12,NEAR_MISS,Site Bravo,Site Echo,Logistics,Contractor-Redline Maintenance Group,Foreman,Trip hazard from a loose cable was reported and fixed same day.,LOW,
2026-07-07,UNSAFE_CONDITION,Site Charlie,Site Foxtrot,Pipeline Integrity,Contractor-Ironclad Scaffolding,Technician,Fire extinguisher inspection tag found expired in the break room.,HIGH,
2026-04-23,UNSAFE_CONDITION,Site Charlie,Site Echo,Logistics,Contractor-Vantage Energy Services,Operator,Noise levels in the compressor room exceeded comfort but PPE was in use.,LOW,
2026-04-06,NEAR_MISS,Site Bravo,Site Bravo,Operations,Contractor-Coastal Logistics,Engineer,Employee suggestion box was overflowing and needs regular clearing.,MODERATE,
2026-06-01,UNSAFE_ACT,Site Alpha,Site Charlie,Operations,Contractor-Beacon Electrical Works,Site Supervisor,Fire extinguisher inspection tag found expired in the break room.,HIGH,
2026-03-04,UNSAFE_CONDITION,Site Bravo,Site Foxtrot,Operations,Contractor-Coastal Logistics,Safety Officer,Housekeeping issue noted in the tool storage area.,MODERATE,
2026-07-21,UNSAFE_ACT,Site Bravo,Site Alpha,Logistics,Contractor-Summit Rigging Co,Foreman,Water leakage from a faucet reported in the site canteen.,MODERATE,
2026-06-16,UNSAFE_ACT,Site Foxtrot,Site Bravo,Pipeline Integrity,Contractor-Meridian Fabrication,Site Supervisor,Fire extinguisher inspection tag found expired in the break room.,HIGH,
2026-08-08,UNSAFE_CONDITION,Site Bravo,Site Echo,Pipeline Integrity,Contractor-Meridian Fabrication,Engineer,Waste segregation bins were not properly labeled at the site office.,MODERATE,
2026-04-13,UNSAFE_ACT,Site Foxtrot,Site Bravo,Logistics,Contractor-Vantage Energy Services,Technician,Trip hazard from a loose cable was reported and fixed same day.,HIGH,
2026-05-23,UNSAFE_ACT,Site Charlie,Site Echo,Drilling,Contractor-Redline Maintenance Group,Foreman,Minor spill of lubricant was cleaned up promptly with no injury.,LOW,
2026-03-04,UNSAFE_ACT,Site Alpha,Site Echo,HSE,Contractor-Summit Rigging Co,Operator,"Minor vehicle scratch reported during routine parking maneuver, no injury.",HIGH,
2026-05-12,UNSAFE_CONDITION,Site Foxtrot,Site Delta,HSE,Contractor-Vantage Energy Services,Safety Officer,Housekeeping issue noted in the tool storage area.,HIGH,
2026-07-03,UNSAFE_CONDITION,Site Delta,Site Foxtrot,Drilling,Contractor-Summit Rigging Co,Site Supervisor,Temporary lighting was insufficient in the storage yard at night.,HIGH,
2026-03-27,NEAR_MISS,Site Bravo,Site Delta,Maintenance,Contractor-Atlas Mechanical,Safety Officer,Waste segregation bins were not properly labeled at the site office.,HIGH,
2026-06-06,UNSAFE_CONDITION,Site Charlie,Site Echo,Logistics,Contractor-Vantage Energy Services,Engineer,Signage for emergency assembly point was faded and needs replacement.,MODERATE,
2026-06-08,UNSAFE_CONDITION,Site Echo,Site Delta,Maintenance,Contractor-Vantage Energy Services,Safety Officer,Temporary lighting was insufficient in the storage yard at night.,LOW,
2026-04-20,NEAR_MISS,Site Delta,Site Bravo,Operations,Contractor-Beacon Electrical Works,Foreman,Minor spill of lubricant was cleaned up promptly with no injury.,HIGH,
2026-08-20,UNSAFE_CONDITION,Site Alpha,Site Bravo,Pipeline Integrity,Contractor-Vantage Energy Services,Operator,Crew proceeded with repair before isolation verification was signed off.,MODERATE,electrical_isolation
2026-06-19,UNSAFE_ACT,Site Alpha,Site Echo,Pipeline Integrity,Contractor-Delta Wellsite Services,Foreman,Technician entered energized pump area before electrical isolation was verified.,LOW,electrical_isolation
2026-08-02,UNSAFE_ACT,Site Bravo,Site Echo,Operations,Contractor-Vantage Energy Services,Foreman,Minor spill of lubricant was cleaned up promptly with no injury.,MODERATE,
2026-07-19,UNSAFE_ACT,Site Foxtrot,Site Bravo,Drilling,Contractor-Beacon Electrical Works,Foreman,Noise levels in the compressor room exceeded comfort but PPE was in use.,LOW,
2026-05-28,UNSAFE_CONDITION,Site Delta,Site Echo,Operations,Contractor-Pinnacle Contractors,Engineer,Housekeeping issue noted in the tool storage area.,MODERATE,
2026-08-11,NEAR_MISS,Site Delta,Site Delta,Logistics,Contractor-Delta Wellsite Services,Site Supervisor,Waste segregation bins were not properly labeled at the site office.,MODERATE,
2026-07-09,UNSAFE_CONDITION,Site Charlie,Site Delta,Operations,Contractor-Vantage Energy Services,Foreman,Signage for emergency assembly point was faded and needs replacement.,HIGH,
2026-04-22,UNSAFE_ACT,Site Alpha,Site Echo,Maintenance,Contractor-Orion Field Services,Safety Officer,Waste segregation bins were not properly labeled at the site office.,LOW,
2026-08-12,UNSAFE_CONDITION,Site Echo,Site Charlie,Maintenance,Contractor-Atlas Mechanical,Engineer,Poor visibility at the site gate led to a near miss between a light vehicle and a walker.,MODERATE,vehicle_pedestrian
2026-08-08,UNSAFE_CONDITION,Site Charlie,Site Charlie,Drilling,Contractor-Northstar Industrial,Foreman,Trip hazard from a loose cable was reported and fixed same day.,MODERATE,
2026-07-05,NEAR_MISS,Site Alpha,Site Alpha,Operations,Contractor-Meridian Fabrication,Operator,Technician entered energized pump area before electrical isolation was verified.,MODERATE,electrical_isolation
2026-08-22,UNSAFE_ACT,Site Foxtrot,Site Foxtrot,Drilling,Contractor-Delta Wellsite Services,Site Supervisor,Isolation certificate was missing when crew started work on the motor.,HIGH,electrical_isolation
2026-05-26,NEAR_MISS,Site Alpha,Site Foxtrot,HSE,Contractor-Meridian Fabrication,Operator,Trip hazard from a loose cable was reported and fixed same day.,MODERATE,
2026-07-31,UNSAFE_ACT,Site Alpha,Site Charlie,Drilling,Contractor-Pinnacle Contractors,Safety Officer,Minor spill of lubricant was cleaned up promptly with no injury.,MODERATE,
2026-05-02,UNSAFE_CONDITION,Site Bravo,Site Charlie,Logistics,Contractor-Beacon Electrical Works,Operator,First aid kit in the workshop was missing a few items.,LOW,
2026-05-26,UNSAFE_CONDITION,Site Echo,Site Charlie,HSE,Contractor-Northstar Industrial,Safety Officer,Noise levels in the compressor room exceeded comfort but PPE was in use.,MODERATE,
2026-07-20,UNSAFE_ACT,Site Echo,Site Echo,Pipeline Integrity,Contractor-Delta Wellsite Services,Technician,Noise levels in the compressor room exceeded comfort but PPE was in use.,LOW,
2026-03-13,UNSAFE_ACT,Site Alpha,Site Delta,HSE,Contractor-Atlas Mechanical,Site Supervisor,Signage for emergency assembly point was faded and needs replacement.,HIGH,
2026-07-18,UNSAFE_ACT,Site Echo,Site Echo,Logistics,Contractor-Northstar Industrial,Technician,Trip hazard from a loose cable was reported and fixed same day.,HIGH,
2026-06-07,UNSAFE_ACT,Site Echo,Site Charlie,HSE,Contractor-Orion Field Services,Safety Officer,Temporary lighting was insufficient in the storage yard at night.,LOW,
2026-04-26,UNSAFE_CONDITION,Site Charlie,Site Bravo,Logistics,Contractor-Atlas Mechanical,Site Supervisor,Fire extinguisher inspection tag found expired in the break room.,HIGH,
2026-04-25,UNSAFE_ACT,Site Delta,Site Foxtrot,Logistics,Contractor-Summit Rigging Co,Operator,Fire extinguisher inspection tag found expired in the break room.,HIGH,
2026-03-09,UNSAFE_CONDITION,Site Echo,Site Bravo,Logistics,Contractor-Beacon Electrical Works,Site Supervisor,Minor spill of lubricant was cleaned up promptly with no injury.,LOW,
2026-04-06,UNSAFE_ACT,Site Delta,Site Bravo,Logistics,Contractor-Vantage Energy Services,Site Supervisor,Noise levels in the compressor room exceeded comfort but PPE was in use.,LOW,
2026-03-23,UNSAFE_CONDITION,Site Alpha,Site Bravo,Drilling,Contractor-Beacon Electrical Works,Site Supervisor,Water leakage from a faucet reported in the site canteen.,HIGH,
2026-07-21,UNSAFE_CONDITION,Site Foxtrot,Site Foxtrot,Logistics,Contractor-Meridian Fabrication,Operator,Signage for emergency assembly point was faded and needs replacement.,LOW,
2026-03-03,NEAR_MISS,Site Echo,Site Bravo,Drilling,Contractor-Orion Field Services,Technician,Housekeeping issue noted in the tool storage area.,HIGH,
2026-08-14,UNSAFE_ACT,Site Bravo,Site Foxtrot,Drilling,Contractor-Meridian Fabrication,Engineer,Waste segregation bins were not properly labeled at the site office.,LOW,
2026-06-13,UNSAFE_ACT,Site Delta,Site Foxtrot,HSE,Contractor-Summit Rigging Co,Technician,Signage for emergency assembly point was faded and needs replacement.,HIGH,
2026-05-17,UNSAFE_CONDITION,Site Alpha,Site Foxtrot,Pipeline Integrity,Contractor-Meridian Fabrication,Operator,Worker was observed on scaffold without a secured harness.,LOW,working_at_height
2026-04-30,NEAR_MISS,Site Foxtrot,Site Alpha,Maintenance,Contractor-Orion Field Services,Foreman,"Minor vehicle scratch reported during routine parking maneuver, no injury.",MODERATE,
2026-08-18,NEAR_MISS,Site Alpha,Site Bravo,Operations,Contractor-Redline Maintenance Group,Site Supervisor,First aid kit in the workshop was missing a few items.,HIGH,
2026-03-24,UNSAFE_ACT,Site Echo,Site Bravo,Pipeline Integrity,Contractor-Meridian Fabrication,Site Supervisor,Waste segregation bins were not properly labeled at the site office.,LOW,
2026-07-12,UNSAFE_CONDITION,Site Foxtrot,Site Delta,Drilling,Contractor-Coastal Logistics,Engineer,Water leakage from a faucet reported in the site canteen.,LOW,
2026-03-09,NEAR_MISS,Site Bravo,Site Foxtrot,Drilling,Contractor-Northstar Industrial,Site Supervisor,Temporary lighting was insufficient in the storage yard at night.,HIGH,
2026-05-26,UNSAFE_ACT,Site Echo,Site Charlie,Maintenance,Contractor-Meridian Fabrication,Safety Officer,Minor spill of lubricant was cleaned up promptly with no injury.,LOW,
2026-07-13,UNSAFE_ACT,Site Foxtrot,Site Echo,Pipeline Integrity,Contractor-Meridian Fabrication,Foreman,Noise levels in the compressor room exceeded comfort but PPE was in use.,HIGH,
2026-07-19,NEAR_MISS,Site Bravo,Site Delta,Pipeline Integrity,Contractor-Beacon Electrical Works,Site Supervisor,Housekeeping issue noted in the tool storage area.,HIGH,
2026-08-07,UNSAFE_CONDITION,Site Foxtrot,Site Alpha,Drilling,Contractor-Northstar Industrial,Site Supervisor,"Minor vehicle scratch reported during routine parking maneuver, no injury.",HIGH,
2026-04-18,NEAR_MISS,Site Delta,Site Delta,HSE,Contractor-Ironclad Scaffolding,Operator,"Minor vehicle scratch reported during routine parking maneuver, no injury.",HIGH,
2026-03-24,UNSAFE_ACT,Site Echo,Site Foxtrot,Operations,Contractor-Pinnacle Contractors,Operator,Housekeeping issue noted in the tool storage area.,MODERATE,
2026-08-19,NEAR_MISS,Site Delta,Site Bravo,Logistics,Contractor-Meridian Fabrication,Engineer,Panel door was opened while circuit remained energized.,HIGH,electrical_isolation
2026-05-12,UNSAFE_ACT,Site Charlie,Site Foxtrot,Logistics,Contractor-Orion Field Services,Foreman,Minor spill of lubricant was cleaned up promptly with no injury.,HIGH,
2026-06-07,NEAR_MISS,Site Echo,Site Delta,Operations,Contractor-Delta Wellsite Services,Foreman,Housekeeping issue noted in the tool storage area.,LOW,
2026-05-13,NEAR_MISS,Site Charlie,Site Delta,Operations,Contractor-Delta Wellsite Services,Operator,Minor spill of lubricant was cleaned up promptly with no injury.,HIGH,
2026-06-08,UNSAFE_CONDITION,Site Bravo,Site Alpha,HSE,Contractor-Orion Field Services,Operator,Unsecured harness was noted during rooftop inspection.,MODERATE,working_at_height
2026-06-23,UNSAFE_ACT,Site Charlie,Site Charlie,Maintenance,Contractor-Coastal Logistics,Operator,Water leakage from a faucet reported in the site canteen.,HIGH,
2026-03-22,NEAR_MISS,Site Echo,Site Bravo,HSE,Contractor-Northstar Industrial,Foreman,Employee suggestion box was overflowing and needs regular clearing.,MODERATE,
2026-08-06,UNSAFE_CONDITION,Site Alpha,Site Bravo,Operations,Contractor-Orion Field Services,Foreman,Technician entered energized pump area before electrical isolation was verified.,MODERATE,electrical_isolation
2026-08-14,NEAR_MISS,Site Foxtrot,Site Charlie,Maintenance,Contractor-Pinnacle Contractors,Operator,Oxygen levels were not checked before crew entered the storage vessel.,MODERATE,confined_space
2026-04-01,UNSAFE_ACT,Site Alpha,Site Bravo,Drilling,Contractor-Meridian Fabrication,Foreman,Minor spill of lubricant was cleaned up promptly with no injury.,MODERATE,
2026-08-08,UNSAFE_ACT,Site Foxtrot,Site Charlie,Drilling,Contractor-Beacon Electrical Works,Foreman,Fire extinguisher inspection tag found expired in the break room.,LOW,
2026-05-13,NEAR_MISS,Site Delta,Site Echo,Drilling,Contractor-Vantage Energy Services,Foreman,Signage for emergency assembly point was faded and needs replacement.,LOW,
2026-04-30,UNSAFE_ACT,Site Foxtrot,Site Echo,Logistics,Contractor-Delta Wellsite Services,Operator,"Minor vehicle scratch reported during routine parking maneuver, no injury.",LOW,
2026-05-05,UNSAFE_CONDITION,Site Delta,Site Delta,Operations,Contractor-Summit Rigging Co,Foreman,Fire extinguisher inspection tag found expired in the break room.,LOW,
2026-03-27,UNSAFE_CONDITION,Site Bravo,Site Echo,Operations,Contractor-Delta Wellsite Services,Site Supervisor,Trip hazard from a loose cable was reported and fixed same day.,MODERATE,
2026-04-04,UNSAFE_ACT,Site Foxtrot,Site Charlie,Logistics,Contractor-Vantage Energy Services,Site Supervisor,Permit-to-work was not verified before excavation started near the pipeline.,MODERATE,permit_to_work
2026-06-30,UNSAFE_ACT,Site Charlie,Site Alpha,Pipeline Integrity,Contractor-Delta Wellsite Services,Safety Officer,Water leakage from a faucet reported in the site canteen.,HIGH,
2026-04-03,UNSAFE_ACT,Site Charlie,Site Alpha,Logistics,Contractor-Delta Wellsite Services,Engineer,Temporary lighting was insufficient in the storage yard at night.,LOW,
2026-08-17,NEAR_MISS,Site Charlie,Site Bravo,Pipeline Integrity,Contractor-Ironclad Scaffolding,Site Supervisor,First aid kit in the workshop was missing a few items.,MODERATE,
2026-06-07,NEAR_MISS,Site Foxtrot,Site Foxtrot,Pipeline Integrity,Contractor-Ironclad Scaffolding,Site Supervisor,Waste segregation bins were not properly labeled at the site office.,LOW,
2026-04-15,UNSAFE_ACT,Site Alpha,Site Echo,Pipeline Integrity,Contractor-Pinnacle Contractors,Safety Officer,Fire extinguisher inspection tag found expired in the break room.,HIGH,
2026-04-10,NEAR_MISS,Site Delta,Site Echo,Operations,Contractor-Ironclad Scaffolding,Safety Officer,Trip hazard from a loose cable was reported and fixed same day.,LOW,
2026-06-28,UNSAFE_CONDITION,Site Alpha,Site Foxtrot,Maintenance,Contractor-Northstar Industrial,Safety Officer,Housekeeping issue noted in the tool storage area.,MODERATE,
2026-03-13,NEAR_MISS,Site Bravo,Site Bravo,Operations,Contractor-Orion Field Services,Foreman,Trip hazard from a loose cable was reported and fixed same day.,MODERATE,
2026-05-16,UNSAFE_ACT,Site Echo,Site Bravo,Maintenance,Contractor-Delta Wellsite Services,Operator,First aid kit in the workshop was missing a few items.,MODERATE,
2026-03-15,UNSAFE_ACT,Site Bravo,Site Echo,HSE,Contractor-Summit Rigging Co,Technician,Waste segregation bins were not properly labeled at the site office.,HIGH,
2026-05-16,UNSAFE_CONDITION,Site Charlie,Site Foxtrot,HSE,Contractor-Pinnacle Contractors,Operator,Fire extinguisher inspection tag found expired in the break room.,HIGH,
2026-03-12,UNSAFE_CONDITION,Site Bravo,Site Charlie,Maintenance,Contractor-Pinnacle Contractors,Safety Officer,Fire extinguisher inspection tag found expired in the break room.,MODERATE,
2026-03-31,UNSAFE_CONDITION,Site Foxtrot,Site Delta,HSE,Contractor-Meridian Fabrication,Engineer,First aid kit in the workshop was missing a few items.,LOW,
2026-03-21,NEAR_MISS,Site Delta,Site Echo,HSE,Contractor-Pinnacle Contractors,Operator,Fire extinguisher inspection tag found expired in the break room.,MODERATE,
2026-06-22,UNSAFE_ACT,Site Delta,Site Delta,Pipeline Integrity,Contractor-Delta Wellsite Services,Technician,Water leakage from a faucet reported in the site canteen.,HIGH,
2026-06-21,UNSAFE_ACT,Site Alpha,Site Charlie,Operations,Contractor-Redline Maintenance Group,Foreman,Minor spill of lubricant was cleaned up promptly with no injury.,MODERATE,
2026-03-14,NEAR_MISS,Site Charlie,Site Echo,Pipeline Integrity,Contractor-Orion Field Services,Site Supervisor,Temporary lighting was insufficient in the storage yard at night.,MODERATE,
2026-03-03,UNSAFE_ACT,Site Alpha,Site Delta,HSE,Contractor-Summit Rigging Co,Technician,Employee suggestion box was overflowing and needs regular clearing.,LOW,
2026-06-19,UNSAFE_ACT,Site Bravo,Site Echo,Drilling,Contractor-Vantage Energy Services,Safety Officer,"Minor vehicle scratch reported during routine parking maneuver, no injury.",MODERATE,
2026-04-09,UNSAFE_ACT,Site Bravo,Site Foxtrot,Operations,Contractor-Coastal Logistics,Foreman,Waste segregation bins were not properly labeled at the site office.,HIGH,
2026-06-27,UNSAFE_CONDITION,Site Echo,Site Foxtrot,Drilling,Contractor-Ironclad Scaffolding,Engineer,Waste segregation bins were not properly labeled at the site office.,LOW,
2026-05-11,UNSAFE_ACT,Site Echo,Site Bravo,Pipeline Integrity,Contractor-Atlas Mechanical,Foreman,Signage for emergency assembly point was faded and needs replacement.,MODERATE,
2026-03-28,UNSAFE_ACT,Site Bravo,Site Alpha,HSE,Contractor-Delta Wellsite Services,Site Supervisor,Employee suggestion box was overflowing and needs regular clearing.,HIGH,
2026-07-07,UNSAFE_ACT,Site Alpha,Site Bravo,Maintenance,Contractor-Ironclad Scaffolding,Technician,Fire extinguisher inspection tag found expired in the break room.,MODERATE,
2026-08-11,NEAR_MISS,Site Foxtrot,Site Charlie,Maintenance,Contractor-Northstar Industrial,Operator,Employee suggestion box was overflowing and needs regular clearing.,MODERATE,
2026-06-14,UNSAFE_ACT,Site Delta,Site Charlie,Drilling,Contractor-Coastal Logistics,Operator,Noise levels in the compressor room exceeded comfort but PPE was in use.,LOW,
2026-04-12,UNSAFE_CONDITION,Site Delta,Site Charlie,HSE,Contractor-Atlas Mechanical,Site Supervisor,Fire extinguisher inspection tag found expired in the break room.,LOW,
2026-08-05,NEAR_MISS,Site Delta,Site Alpha,Operations,Contractor-Delta Wellsite Services,Foreman,Reverse alarm on the site vehicle was found to be non-functional.,MODERATE,vehicle_pedestrian
2026-08-23,NEAR_MISS,Site Charlie,Site Alpha,Pipeline Integrity,Contractor-Redline Maintenance Group,Site Supervisor,Minor spill of lubricant was cleaned up promptly with no injury.,MODERATE,
2026-05-18,UNSAFE_CONDITION,Site Foxtrot,Site Delta,Pipeline Integrity,Contractor-Summit Rigging Co,Technician,Trip hazard from a loose cable was reported and fixed same day.,MODERATE,
2026-07-17,UNSAFE_ACT,Site Charlie,Site Alpha,Logistics,Contractor-Delta Wellsite Services,Engineer,Fire extinguisher inspection tag found expired in the break room.,HIGH,
2026-06-15,NEAR_MISS,Site Echo,Site Foxtrot,Maintenance,Contractor-Meridian Fabrication,Safety Officer,Temporary lighting was insufficient in the storage yard at night.,LOW,
2026-03-03,NEAR_MISS,Site Alpha,Site Foxtrot,HSE,Contractor-Beacon Electrical Works,Foreman,Employee suggestion box was overflowing and needs regular clearing.,MODERATE,
2026-03-13,NEAR_MISS,Site Foxtrot,Site Delta,Drilling,Contractor-Beacon Electrical Works,Technician,Water leakage from a faucet reported in the site canteen.,LOW,
2026-08-07,UNSAFE_ACT,Site Delta,Site Foxtrot,Logistics,Contractor-Orion Field Services,Engineer,Worker used an unsafe ladder that was not rated for the task.,HIGH,working_at_height
2026-03-01,UNSAFE_CONDITION,Site Alpha,Site Bravo,Drilling,Contractor-Redline Maintenance Group,Safety Officer,Temporary lighting was insufficient in the storage yard at night.,MODERATE,
2026-03-24,UNSAFE_ACT,Site Foxtrot,Site Foxtrot,Pipeline Integrity,Contractor-Vantage Energy Services,Safety Officer,Temporary lighting was insufficient in the storage yard at night.,HIGH,
2026-04-04,UNSAFE_ACT,Site Bravo,Site Alpha,Pipeline Integrity,Contractor-Ironclad Scaffolding,Engineer,Crew proceeded with confined space entry without a signed PTW.,HIGH,permit_to_work
2026-03-12,UNSAFE_ACT,Site Charlie,Site Echo,Maintenance,Contractor-Northstar Industrial,Site Supervisor,First aid kit in the workshop was missing a few items.,HIGH,
2026-05-07,UNSAFE_CONDITION,Site Echo,Site Bravo,Maintenance,Contractor-Delta Wellsite Services,Safety Officer,Minor spill of lubricant was cleaned up promptly with no injury.,LOW,
2026-05-22,NEAR_MISS,Site Foxtrot,Site Bravo,Maintenance,Contractor-Beacon Electrical Works,Engineer,Housekeeping issue noted in the tool storage area.,MODERATE,
2026-04-23,UNSAFE_CONDITION,Site Echo,Site Alpha,HSE,Contractor-Northstar Industrial,Engineer,Waste segregation bins were not properly labeled at the site office.,MODERATE,
2026-08-05,NEAR_MISS,Site Echo,Site Bravo,HSE,Contractor-Northstar Industrial,Engineer,Entry permit for the vessel was not verified prior to work.,MODERATE,confined_space
2026-08-07,UNSAFE_CONDITION,Site Bravo,Site Delta,Logistics,Contractor-Ironclad Scaffolding,Safety Officer,Poor visibility at the site gate led to a near miss between a light vehicle and a walker.,MODERATE,vehicle_pedestrian
2026-05-30,UNSAFE_CONDITION,Site Delta,Site Delta,Maintenance,Contractor-Beacon Electrical Works,Safety Officer,Fall arrest lanyard was not connected during crane basket operation.,HIGH,working_at_height
2026-07-15,UNSAFE_ACT,Site Bravo,Site Charlie,Pipeline Integrity,Contractor-Pinnacle Contractors,Technician,Employee suggestion box was overflowing and needs regular clearing.,MODERATE,
2026-07-27,UNSAFE_CONDITION,Site Alpha,Site Delta,HSE,Contractor-Orion Field Services,Engineer,Waste segregation bins were not properly labeled at the site office.,HIGH,
2026-07-23,NEAR_MISS,Site Delta,Site Foxtrot,Pipeline Integrity,Contractor-Beacon Electrical Works,Operator,Housekeeping issue noted in the tool storage area.,MODERATE,
2026-05-06,NEAR_MISS,Site Bravo,Site Bravo,Drilling,Contractor-Atlas Mechanical,Safety Officer,Minor spill of lubricant was cleaned up promptly with no injury.,MODERATE,
2026-03-08,NEAR_MISS,Site Charlie,Site Alpha,Logistics,Contractor-Beacon Electrical Works,Site Supervisor,Temporary lighting was insufficient in the storage yard at night.,MODERATE,
2026-06-18,UNSAFE_ACT,Site Alpha,Site Bravo,Drilling,Contractor-Coastal Logistics,Engineer,Work was carried out without permit verification by the shift supervisor.,HIGH,permit_to_work
2026-04-01,UNSAFE_ACT,Site Echo,Site Foxtrot,Operations,Contractor-Northstar Industrial,Engineer,Fire extinguisher inspection tag found expired in the break room.,MODERATE,
2026-06-13,NEAR_MISS,Site Charlie,Site Delta,Drilling,Contractor-Beacon Electrical Works,Engineer,Housekeeping issue noted in the tool storage area.,MODERATE,
2026-07-11,UNSAFE_CONDITION,Site Delta,Site Bravo,HSE,Contractor-Delta Wellsite Services,Foreman,Minor spill of lubricant was cleaned up promptly with no injury.,HIGH,
2026-05-17,UNSAFE_CONDITION,Site Bravo,Site Charlie,Operations,Contractor-Orion Field Services,Engineer,Electrical isolation point was not physically verified with a multimeter.,HIGH,electrical_isolation
2026-08-21,UNSAFE_CONDITION,Site Alpha,Site Charlie,Logistics,Contractor-Beacon Electrical Works,Foreman,Trip hazard from a loose cable was reported and fixed same day.,MODERATE,
2026-07-20,UNSAFE_CONDITION,Site Charlie,Site Charlie,Pipeline Integrity,Contractor-Orion Field Services,Foreman,Housekeeping issue noted in the tool storage area.,MODERATE,
2026-03-12,NEAR_MISS,Site Bravo,Site Charlie,Drilling,Contractor-Summit Rigging Co,Engineer,Temporary lighting was insufficient in the storage yard at night.,HIGH,
2026-07-04,UNSAFE_ACT,Site Delta,Site Foxtrot,Logistics,Contractor-Redline Maintenance Group,Engineer,Noise levels in the compressor room exceeded comfort but PPE was in use.,HIGH,
2026-03-22,UNSAFE_ACT,Site Foxtrot,Site Charlie,Operations,Contractor-Vantage Energy Services,Technician,Fire extinguisher inspection tag found expired in the break room.,LOW,
2026-06-16,UNSAFE_CONDITION,Site Foxtrot,Site Foxtrot,Drilling,Contractor-Atlas Mechanical,Site Supervisor,Waste segregation bins were not properly labeled at the site office.,LOW,
2026-06-23,UNSAFE_ACT,Site Echo,Site Delta,HSE,Contractor-Orion Field Services,Safety Officer,Technician climbed to elevated work area without anchor point confirmed.,MODERATE,working_at_height
2026-08-10,NEAR_MISS,Site Delta,Site Echo,Operations,Contractor-Coastal Logistics,Technician,First aid kit in the workshop was missing a few items.,HIGH,
2026-08-16,UNSAFE_ACT,Site Charlie,Site Charlie,Maintenance,Contractor-Pinnacle Contractors,Technician,Waste segregation bins were not properly labeled at the site office.,HIGH,
2026-06-04,UNSAFE_ACT,Site Delta,Site Foxtrot,Drilling,Contractor-Atlas Mechanical,Technician,Signage for emergency assembly point was faded and needs replacement.,HIGH,
2026-04-13,UNSAFE_ACT,Site Charlie,Site Bravo,Maintenance,Contractor-Northstar Industrial,Foreman,Water leakage from a faucet reported in the site canteen.,MODERATE,
2026-04-01,UNSAFE_ACT,Site Charlie,Site Foxtrot,Drilling,Contractor-Redline Maintenance Group,Site Supervisor,Water leakage from a faucet reported in the site canteen.,LOW,
2026-08-03,NEAR_MISS,Site Charlie,Site Charlie,Pipeline Integrity,Contractor-Vantage Energy Services,Foreman,Water leakage from a faucet reported in the site canteen.,LOW,
2026-05-03,UNSAFE_ACT,Site Delta,Site Delta,Drilling,Contractor-Northstar Industrial,Operator,Water leakage from a faucet reported in the site canteen.,HIGH,
2026-08-05,UNSAFE_CONDITION,Site Echo,Site Bravo,Logistics,Contractor-Atlas Mechanical,Safety Officer,Trip hazard from a loose cable was reported and fixed same day.,LOW,
2026-06-10,UNSAFE_CONDITION,Site Bravo,Site Alpha,Pipeline Integrity,Contractor-Ironclad Scaffolding,Foreman,Temporary lighting was insufficient in the storage yard at night.,HIGH,
2026-03-22,NEAR_MISS,Site Delta,Site Bravo,Drilling,Contractor-Vantage Energy Services,Safety Officer,Minor spill of lubricant was cleaned up promptly with no injury.,HIGH,
2026-07-30,UNSAFE_CONDITION,Site Echo,Site Bravo,Maintenance,Contractor-Pinnacle Contractors,Operator,Housekeeping issue noted in the tool storage area.,MODERATE,
2026-03-18,NEAR_MISS,Site Delta,Site Echo,Pipeline Integrity,Contractor-Vantage Energy Services,Safety Officer,Fire extinguisher inspection tag found expired in the break room.,HIGH,
2026-08-20,NEAR_MISS,Site Charlie,Site Echo,Logistics,Contractor-Delta Wellsite Services,Foreman,Noise levels in the compressor room exceeded comfort but PPE was in use.,HIGH,
2026-07-20,UNSAFE_CONDITION,Site Foxtrot,Site Foxtrot,HSE,Contractor-Summit Rigging Co,Technician,Temporary lighting was insufficient in the storage yard at night.,HIGH,
2026-06-30,NEAR_MISS,Site Delta,Site Charlie,Operations,Contractor-Meridian Fabrication,Site Supervisor,Minor spill of lubricant was cleaned up promptly with no injury.,HIGH,
2026-04-21,UNSAFE_ACT,Site Foxtrot,Site Charlie,Maintenance,Contractor-Vantage Energy Services,Safety Officer,Trip hazard from a loose cable was reported and fixed same day.,HIGH,
2026-04-17,UNSAFE_ACT,Site Echo,Site Alpha,Drilling,Contractor-Delta Wellsite Services,Safety Officer,"Minor vehicle scratch reported during routine parking maneuver, no injury.",HIGH,
2026-08-23,NEAR_MISS,Site Alpha,Site Delta,Maintenance,Contractor-Pinnacle Contractors,Site Supervisor,Reverse alarm on the site vehicle was found to be non-functional.,MODERATE,vehicle_pedestrian
2026-03-04,NEAR_MISS,Site Delta,Site Alpha,Pipeline Integrity,Contractor-Summit Rigging Co,Engineer,Water leakage from a faucet reported in the site canteen.,LOW,
2026-04-13,UNSAFE_ACT,Site Alpha,Site Foxtrot,Maintenance,Contractor-Vantage Energy Services,Operator,Minor spill of lubricant was cleaned up promptly with no injury.,LOW,
2026-06-07,UNSAFE_CONDITION,Site Echo,Site Alpha,Drilling,Contractor-Coastal Logistics,Engineer,Ladder used for elevated work was damaged and not tagged out of service.,MODERATE,working_at_height
2026-06-19,UNSAFE_ACT,Site Alpha,Site Delta,Logistics,Contractor-Coastal Logistics,Technician,Electrical isolation point was not physically verified with a multimeter.,LOW,electrical_isolation
2026-07-11,UNSAFE_ACT,Site Bravo,Site Alpha,Pipeline Integrity,Contractor-Orion Field Services,Technician,Fire extinguisher inspection tag found expired in the break room.,LOW,
2026-05-01,UNSAFE_CONDITION,Site Charlie,Site Alpha,Operations,Contractor-Ironclad Scaffolding,Safety Officer,Temporary lighting was insufficient in the storage yard at night.,HIGH,
2026-08-03,UNSAFE_CONDITION,Site Foxtrot,Site Alpha,Operations,Contractor-Meridian Fabrication,Operator,Noise levels in the compressor room exceeded comfort but PPE was in use.,MODERATE,
2026-07-07,UNSAFE_CONDITION,Site Delta,Site Alpha,Maintenance,Contractor-Redline Maintenance Group,Site Supervisor,Fire extinguisher inspection tag found expired in the break room.,MODERATE,
2026-05-03,NEAR_MISS,Site Delta,Site Echo,Pipeline Integrity,Contractor-Delta Wellsite Services,Foreman,Housekeeping issue noted in the tool storage area.,HIGH,
2026-03-18,UNSAFE_CONDITION,Site Bravo,Site Echo,Drilling,Contractor-Vantage Energy Services,Engineer,Noise levels in the compressor room exceeded comfort but PPE was in use.,MODERATE,
2026-02-28,NEAR_MISS,Site Alpha,Site Bravo,Operations,Contractor-Atlas Mechanical,Engineer,Waste segregation bins were not properly labeled at the site office.,MODERATE,
2026-08-21,UNSAFE_CONDITION,Site Echo,Site Charlie,HSE,Contractor-Redline Maintenance Group,Engineer,Standby attendant was absent during confined space entry at the separator.,HIGH,confined_space
2026-07-21,UNSAFE_ACT,Site Charlie,Site Delta,Logistics,Contractor-Ironclad Scaffolding,Site Supervisor,Fire extinguisher inspection tag found expired in the break room.,MODERATE,
2026-04-18,UNSAFE_CONDITION,Site Foxtrot,Site Alpha,Operations,Contractor-Summit Rigging Co,Operator,Missing PTW was discovered during a routine safety walkdown.,HIGH,permit_to_work
2026-04-01,UNSAFE_CONDITION,Site Echo,Site Alpha,Operations,Contractor-Coastal Logistics,Safety Officer,Employee suggestion box was overflowing and needs regular clearing.,HIGH,
2026-04-30,UNSAFE_ACT,Site Alpha,Site Bravo,Maintenance,Contractor-Ironclad Scaffolding,Safety Officer,Trip hazard from a loose cable was reported and fixed same day.,MODERATE,
2026-07-09,NEAR_MISS,Site Delta,Site Bravo,Operations,Contractor-Atlas Mechanical,Engineer,Trip hazard from a loose cable was reported and fixed same day.,LOW,
2026-04-22,UNSAFE_CONDITION,Site Foxtrot,Site Bravo,Maintenance,Contractor-Summit Rigging Co,Engineer,Noise levels in the compressor room exceeded comfort but PPE was in use.,MODERATE,
2026-08-19,UNSAFE_CONDITION,Site Echo,Site Delta,HSE,Contractor-Ironclad Scaffolding,Technician,A near miss occurred when a reversing truck came close to a pedestrian walkway.,LOW,vehicle_pedestrian
2026-07-18,UNSAFE_CONDITION,Site Echo,Site Foxtrot,Pipeline Integrity,Contractor-Orion Field Services,Technician,Temporary lighting was insufficient in the storage yard at night.,LOW,
2026-03-02,UNSAFE_CONDITION,Site Charlie,Site Delta,Maintenance,Contractor-Redline Maintenance Group,Safety Officer,Fire extinguisher inspection tag found expired in the break room.,HIGH,
2026-03-03,NEAR_MISS,Site Foxtrot,Site Delta,HSE,Contractor-Summit Rigging Co,Foreman,Signage for emergency assembly point was faded and needs replacement.,MODERATE,
2026-07-09,UNSAFE_CONDITION,Site Foxtrot,Site Delta,HSE,Contractor-Pinnacle Contractors,Technician,Trip hazard from a loose cable was reported and fixed same day.,HIGH,
2026-08-06,UNSAFE_CONDITION,Site Delta,Site Echo,Drilling,Contractor-Vantage Energy Services,Operator,Temporary lighting was insufficient in the storage yard at night.,HIGH,
2026-03-31,UNSAFE_CONDITION,Site Delta,Site Bravo,Pipeline Integrity,Contractor-Pinnacle Contractors,Foreman,Fire extinguisher inspection tag found expired in the break room.,HIGH,
2026-07-22,UNSAFE_CONDITION,Site Charlie,Site Echo,HSE,Contractor-Orion Field Services,Operator,Water leakage from a faucet reported in the site canteen.,MODERATE,
2026-04-08,NEAR_MISS,Site Bravo,Site Bravo,HSE,Contractor-Pinnacle Contractors,Technician,Noise levels in the compressor room exceeded comfort but PPE was in use.,HIGH,
2026-04-30,NEAR_MISS,Site Charlie,Site Alpha,Pipeline Integrity,Contractor-Northstar Industrial,Site Supervisor,Water leakage from a faucet reported in the site canteen.,MODERATE,
2026-04-20,UNSAFE_ACT,Site Delta,Site Foxtrot,Drilling,Contractor-Coastal Logistics,Safety Officer,Contractor started grinding work without an approved hot work permit.,LOW,permit_to_work
2026-04-05,UNSAFE_CONDITION,Site Delta,Site Bravo,Operations,Contractor-Redline Maintenance Group,Site Supervisor,Signage for emergency assembly point was faded and needs replacement.,MODERATE,
2026-07-29,UNSAFE_ACT,Site Alpha,Site Bravo,Pipeline Integrity,Contractor-Ironclad Scaffolding,Safety Officer,Water leakage from a faucet reported in the site canteen.,MODERATE,
2026-03-01,UNSAFE_ACT,Site Charlie,Site Bravo,Maintenance,Contractor-Atlas Mechanical,Safety Officer,Waste segregation bins were not properly labeled at the site office.,MODERATE,
2026-08-19,NEAR_MISS,Site Charlie,Site Echo,Logistics,Contractor-Ironclad Scaffolding,Operator,First aid kit in the workshop was missing a few items.,LOW,
2026-03-01,NEAR_MISS,Site Charlie,Site Charlie,HSE,Contractor-Redline Maintenance Group,Foreman,Water leakage from a faucet reported in the site canteen.,MODERATE,
2026-07-18,UNSAFE_CONDITION,Site Alpha,Site Delta,Maintenance,Contractor-Atlas Mechanical,Operator,"Minor vehicle scratch reported during routine parking maneuver, no injury.",LOW,
2026-05-07,NEAR_MISS,Site Bravo,Site Echo,Pipeline Integrity,Contractor-Meridian Fabrication,Technician,Minor spill of lubricant was cleaned up promptly with no injury.,LOW,
2026-08-15,NEAR_MISS,Site Echo,Site Echo,Maintenance,Contractor-Atlas Mechanical,Operator,Employee suggestion box was overflowing and needs regular clearing.,HIGH,
2026-04-24,NEAR_MISS,Site Charlie,Site Alpha,Logistics,Contractor-Ironclad Scaffolding,Engineer,Water leakage from a faucet reported in the site canteen.,LOW,
2026-03-05,UNSAFE_ACT,Site Charlie,Site Foxtrot,Pipeline Integrity,Contractor-Delta Wellsite Services,Technician,Signage for emergency assembly point was faded and needs replacement.,HIGH,
2026-03-21,NEAR_MISS,Site Echo,Site Echo,HSE,Contractor-Delta Wellsite Services,Engineer,"Minor vehicle scratch reported during routine parking maneuver, no injury.",LOW,
2026-07-28,UNSAFE_CONDITION,Site Echo,Site Echo,Maintenance,Contractor-Pinnacle Contractors,Foreman,Housekeeping issue noted in the tool storage area.,HIGH,
2026-05-19,NEAR_MISS,Site Charlie,Site Echo,Maintenance,Contractor-Atlas Mechanical,Operator,Housekeeping issue noted in the tool storage area.,MODERATE,
2026-04-10,UNSAFE_CONDITION,Site Bravo,Site Bravo,HSE,Contractor-Redline Maintenance Group,Engineer,Employee suggestion box was overflowing and needs regular clearing.,LOW,
2026-04-22,UNSAFE_ACT,Site Delta,Site Foxtrot,Maintenance,Contractor-Summit Rigging Co,Foreman,Temporary lighting was insufficient in the storage yard at night.,HIGH,
2026-08-16,UNSAFE_ACT,Site Charlie,Site Alpha,Maintenance,Contractor-Beacon Electrical Works,Technician,Worker accessed switchgear room without confirming lockout status.,MODERATE,electrical_isolation
2026-07-03,NEAR_MISS,Site Delta,Site Charlie,Operations,Contractor-Vantage Energy Services,Technician,Waste segregation bins were not properly labeled at the site office.,HIGH,
2026-06-08,UNSAFE_ACT,Site Bravo,Site Bravo,Maintenance,Contractor-Beacon Electrical Works,Engineer,Signage for emergency assembly point was faded and needs replacement.,LOW,
2026-07-12,NEAR_MISS,Site Foxtrot,Site Alpha,Logistics,Contractor-Meridian Fabrication,Engineer,Signage for emergency assembly point was faded and needs replacement.,MODERATE,
2026-05-30,UNSAFE_ACT,Site Charlie,Site Charlie,HSE,Contractor-Summit Rigging Co,Foreman,Waste segregation bins were not properly labeled at the site office.,HIGH,
2026-06-13,UNSAFE_CONDITION,Site Charlie,Site Foxtrot,Maintenance,Contractor-Northstar Industrial,Engineer,Signage for emergency assembly point was faded and needs replacement.,HIGH,
2026-07-30,UNSAFE_CONDITION,Site Foxtrot,Site Alpha,Logistics,Contractor-Pinnacle Contractors,Site Supervisor,Waste segregation bins were not properly labeled at the site office.,LOW,
2026-05-05,NEAR_MISS,Site Charlie,Site Echo,HSE,Contractor-Ironclad Scaffolding,Site Supervisor,Employee suggestion box was overflowing and needs regular clearing.,HIGH,
2026-04-18,NEAR_MISS,Site Echo,Site Alpha,Pipeline Integrity,Contractor-Ironclad Scaffolding,Technician,"Minor vehicle scratch reported during routine parking maneuver, no injury.",HIGH,
2026-05-14,UNSAFE_ACT,Site Bravo,Site Bravo,HSE,Contractor-Meridian Fabrication,Site Supervisor,Fire extinguisher inspection tag found expired in the break room.,HIGH,
2026-08-17,NEAR_MISS,Site Delta,Site Echo,Pipeline Integrity,Contractor-Summit Rigging Co,Site Supervisor,Panel door was opened while circuit remained energized.,LOW,electrical_isolation
2026-08-18,NEAR_MISS,Site Charlie,Site Bravo,Operations,Contractor-Summit Rigging Co,Operator,Trip hazard from a loose cable was reported and fixed same day.,HIGH,
2026-03-16,NEAR_MISS,Site Foxtrot,Site Foxtrot,Drilling,Contractor-Coastal Logistics,Foreman,Signage for emergency assembly point was faded and needs replacement.,HIGH,
2026-06-13,UNSAFE_CONDITION,Site Echo,Site Charlie,Pipeline Integrity,Contractor-Pinnacle Contractors,Technician,Signage for emergency assembly point was faded and needs replacement.,MODERATE,
2026-03-31,UNSAFE_CONDITION,Site Alpha,Site Bravo,Maintenance,Contractor-Delta Wellsite Services,Operator,Hot work began without a valid permit issued by the site safety officer.,HIGH,permit_to_work
2026-05-01,UNSAFE_CONDITION,Site Delta,Site Foxtrot,Logistics,Contractor-Delta Wellsite Services,Foreman,Fall protection was not used while inspecting the flare stack platform.,MODERATE,working_at_height
2026-05-29,NEAR_MISS,Site Bravo,Site Foxtrot,HSE,Contractor-Meridian Fabrication,Foreman,Temporary lighting was insufficient in the storage yard at night.,HIGH,
2026-04-26,UNSAFE_ACT,Site Foxtrot,Site Bravo,Logistics,Contractor-Vantage Energy Services,Site Supervisor,Minor spill of lubricant was cleaned up promptly with no injury.,MODERATE,
2026-05-02,UNSAFE_CONDITION,Site Foxtrot,Site Echo,Drilling,Contractor-Meridian Fabrication,Foreman,Housekeeping issue noted in the tool storage area.,HIGH,
2026-08-06,UNSAFE_ACT,Site Echo,Site Foxtrot,Maintenance,Contractor-Coastal Logistics,Foreman,Employee suggestion box was overflowing and needs regular clearing.,MODERATE,
2026-04-05,NEAR_MISS,Site Echo,Site Delta,HSE,Contractor-Northstar Industrial,Engineer,Fire extinguisher inspection tag found expired in the break room.,HIGH,
2026-07-14,UNSAFE_CONDITION,Site Charlie,Site Echo,Maintenance,Contractor-Redline Maintenance Group,Foreman,Waste segregation bins were not properly labeled at the site office.,LOW,
2026-07-06,UNSAFE_CONDITION,Site Charlie,Site Delta,Logistics,Contractor-Beacon Electrical Works,Engineer,Employee suggestion box was overflowing and needs regular clearing.,LOW,
2026-04-16,UNSAFE_CONDITION,Site Echo,Site Foxtrot,Drilling,Contractor-Beacon Electrical Works,Safety Officer,Waste segregation bins were not properly labeled at the site office.,MODERATE,
2026-05-02,UNSAFE_ACT,Site Delta,Site Charlie,Pipeline Integrity,Contractor-Beacon Electrical Works,Operator,Trip hazard from a loose cable was reported and fixed same day.,HIGH,
2026-06-10,UNSAFE_CONDITION,Site Alpha,Site Charlie,Drilling,Contractor-Orion Field Services,Engineer,Trip hazard from a loose cable was reported and fixed same day.,HIGH,
2026-05-13,UNSAFE_ACT,Site Alpha,Site Alpha,Drilling,Contractor-Delta Wellsite Services,Technician,"Minor vehicle scratch reported during routine parking maneuver, no injury.",HIGH,
2026-07-06,NEAR_MISS,Site Bravo,Site Charlie,Pipeline Integrity,Contractor-Meridian Fabrication,Engineer,Water leakage from a faucet reported in the site canteen.,LOW,
2026-05-03,UNSAFE_CONDITION,Site Alpha,Site Charlie,Maintenance,Contractor-Coastal Logistics,Engineer,Signage for emergency assembly point was faded and needs replacement.,LOW,
2026-04-10,UNSAFE_CONDITION,Site Echo,Site Foxtrot,Drilling,Contractor-Meridian Fabrication,Technician,Signage for emergency assembly point was faded and needs replacement.,HIGH,
2026-06-26,UNSAFE_ACT,Site Alpha,Site Charlie,Logistics,Contractor-Meridian Fabrication,Operator,Fire extinguisher inspection tag found expired in the break room.,MODERATE,
2026-05-06,NEAR_MISS,Site Bravo,Site Bravo,Pipeline Integrity,Contractor-Delta Wellsite Services,Site Supervisor,"Minor vehicle scratch reported during routine parking maneuver, no injury.",MODERATE,
2026-08-07,NEAR_MISS,Site Alpha,Site Bravo,HSE,Contractor-Ironclad Scaffolding,Engineer,Minor spill of lubricant was cleaned up promptly with no injury.,MODERATE,
2026-08-10,UNSAFE_CONDITION,Site Delta,Site Foxtrot,Maintenance,Contractor-Ironclad Scaffolding,Foreman,Oxygen levels were not checked before crew entered the storage vessel.,MODERATE,confined_space
2026-04-30,UNSAFE_ACT,Site Alpha,Site Bravo,HSE,Contractor-Beacon Electrical Works,Operator,Hot work began without a valid permit issued by the site safety officer.,HIGH,permit_to_work
2026-08-04,UNSAFE_CONDITION,Site Foxtrot,Site Alpha,HSE,Contractor-Pinnacle Contractors,Engineer,Worker accessed switchgear room without confirming lockout status.,LOW,electrical_isolation
2026-06-09,UNSAFE_CONDITION,Site Delta,Site Bravo,Maintenance,Contractor-Meridian Fabrication,Operator,First aid kit in the workshop was missing a few items.,MODERATE,
2026-06-26,UNSAFE_CONDITION,Site Delta,Site Echo,Drilling,Contractor-Summit Rigging Co,Site Supervisor,First aid kit in the workshop was missing a few items.,MODERATE,
2026-07-12,NEAR_MISS,Site Bravo,Site Foxtrot,Maintenance,Contractor-Meridian Fabrication,Engineer,Signage for emergency assembly point was faded and needs replacement.,MODERATE,
2026-05-25,UNSAFE_CONDITION,Site Bravo,Site Bravo,Drilling,Contractor-Ironclad Scaffolding,Site Supervisor,Minor spill of lubricant was cleaned up promptly with no injury.,LOW,
2026-07-24,UNSAFE_ACT,Site Bravo,Site Foxtrot,Drilling,Contractor-Delta Wellsite Services,Operator,Employee suggestion box was overflowing and needs regular clearing.,MODERATE,
2026-03-07,UNSAFE_CONDITION,Site Delta,Site Bravo,HSE,Contractor-Coastal Logistics,Foreman,Housekeeping issue noted in the tool storage area.,LOW,
2026-05-20,NEAR_MISS,Site Echo,Site Delta,Operations,Contractor-Orion Field Services,Foreman,First aid kit in the workshop was missing a few items.,LOW,
2026-08-04,UNSAFE_CONDITION,Site Bravo,Site Foxtrot,HSE,Contractor-Redline Maintenance Group,Safety Officer,"Minor vehicle scratch reported during routine parking maneuver, no injury.",LOW,
2026-08-22,NEAR_MISS,Site Foxtrot,Site Delta,Operations,Contractor-Meridian Fabrication,Safety Officer,"Minor vehicle scratch reported during routine parking maneuver, no injury.",MODERATE,
2026-08-22,UNSAFE_CONDITION,Site Alpha,Site Echo,Pipeline Integrity,Contractor-Vantage Energy Services,Engineer,Poor visibility at the site gate led to a near miss between a light vehicle and a walker.,LOW,vehicle_pedestrian
2026-04-08,UNSAFE_ACT,Site Delta,Site Delta,Drilling,Contractor-Ironclad Scaffolding,Technician,Employee suggestion box was overflowing and needs regular clearing.,LOW,
2026-04-07,UNSAFE_ACT,Site Echo,Site Charlie,HSE,Contractor-Meridian Fabrication,Engineer,Crew proceeded with confined space entry without a signed PTW.,MODERATE,permit_to_work
2026-07-04,NEAR_MISS,Site Echo,Site Charlie,Logistics,Contractor-Ironclad Scaffolding,Foreman,Signage for emergency assembly point was faded and needs replacement.,HIGH,
2026-07-31,UNSAFE_CONDITION,Site Foxtrot,Site Foxtrot,Logistics,Contractor-Orion Field Services,Engineer,Electrical panel remained live during scheduled inspection.,MODERATE,electrical_isolation
2026-08-17,NEAR_MISS,Site Charlie,Site Delta,HSE,Contractor-Meridian Fabrication,Operator,"Minor vehicle scratch reported during routine parking maneuver, no injury.",LOW,
